RG_Sample_Code,Customer_Code,Project_Code,i5_Barcode_Seq,i7_Barcode_Seq,Combined_Barcode_Seq,Sequence_Name,Sequencing_Cycle
CAL_105502_P001_WA01,pigl22_ 2.3.6,CAL_105502,AGGCTTAG,ACTTGGCT,ACTTGGCT-AGGCTTAG,RAPiD-Genomics_F307_CAL_105502_P001_WA01_i5-516_i7-97_S7750_L002_R1_001.fastq.gz,2x150
CAL_105502_P001_WA02,pigl22_ 8.1.9,CAL_105502,AGGCTTAG,TTACGTGC,TTACGTGC-AGGCTTAG,RAPiD-Genomics_F307_CAL_105502_P001_WA02_i5-516_i7-98_S7751_L002_R1_001.fastq.gz,2x150
CAL_105502_P001_WA03,pigl22_ 9.1.13,CAL_105502,AGGCTTAG,ACGTCGTT,ACGTCGTT-AGGCTTAG,RAPiD-Genomics_F307_CAL_105502_P001_WA03_i5-516_i7-99_S7752_L002_R1_001.fastq.gz,2x150
CAL_105502_P001_WA04,pigl22_ 4.1.1,CAL_105502,AGGCTTAG,GAACGAAG,GAACGAAG-AGGCTTAG,RAPiD-Genomics_F307_CAL_105502_P001_WA04_i5-516_i7-100_S7753_L002_R1_001.fastq.gz,2x150
CAL_105502_P001_WA05,pigl22_ 9.2.1,CAL_105502,AGGCTTAG,CAATCAGG,CAATCAGG-AGGCTTAG,RAPiD-Genomics_F307_CAL_105502_P001_WA05_i5-516_i7-101_S7754_L002_R1_001.fastq.gz,2x150
CAL_105502_P001_WA06,pigl22_ 3.2.1,CAL_105502,AGGCTTAG,CAGTGCTT,CAGTGCTT-AGGCTTAG,RAPiD-Genomics_F307_CAL_105502_P001_WA06_i5-516_i7-102_S7755_L002_R1_001.fastq.gz,2x150
CAL_105502_P001_WA07,pigl22_ 9.2.9,CAL_105502,AGGCTTAG,GTGTGTTC,GTGTGTTC-AGGCTTAG,RAPiD-Genomics_F307_CAL_105502_P001_WA07_i5-516_i7-103_S7756_L002_R1_001.fastq.gz,2x150
CAL_105502_P001_WA08,pigl22_ 7.1.13,CAL_105502,AGGCTTAG,CCAACACT,CCAACACT-AGGCTTAG,RAPiD-Genomics_F307_CAL_105502_P001_WA08_i5-516_i7-104_S7757_L002_R1_001.fastq.gz,2x150
CAL_105502_P001_WA09,pigl22_ 6.1.9,CAL_105502,AGGCTTAG,GAAGTGCT,GAAGTGCT-AGGCTTAG,RAPiD-Genomics_F307_CAL_105502_P001_WA09_i5-516_i7-105_S7758_L002_R1_001.fastq.gz,2x150
CAL_105502_P001_WA10,pigl22_ 8.2.9,CAL_105502,AGGCTTAG,GGACAGAT,GGACAGAT-AGGCTTAG,RAPiD-Genomics_F307_CAL_105502_P001_WA10_i5-516_i7-106_S7759_L002_R1_001.fastq.gz,2x150
CAL_105502_P001_WA11,pigl22_ 9.3.1,CAL_105502,AGGCTTAG,AGCTTCAG,AGCTTCAG-AGGCTTAG,RAPiD-Genomics_F307_CAL_105502_P001_WA11_i5-516_i7-107_S7760_L002_R1_001.fastq.gz,2x150
CAL_105502_P001_WA12,pigl22_ 7.3.9,CAL_105502,AGGCTTAG,GATCCACT,GATCCACT-AGGCTTAG,RAPiD-Genomics_F307_CAL_105502_P001_WA12_i5-516_i7-108_S7761_L002_R1_001.fastq.gz,2x150
CAL_105502_P001_WB01,pigl22_ 6.2.5,CAL_105502,AGGCTTAG,ACCGAATG,ACCGAATG-AGGCTTAG,RAPiD-Genomics_F307_CAL_105502_P001_WB01_i5-516_i7-109_S7762_L002_R1_001.fastq.gz,2x150
CAL_105502_P001_WB02,pigl22_ 7.2.14,CAL_105502,AGGCTTAG,GGCAAGTT,GGCAAGTT-AGGCTTAG,RAPiD-Genomics_F307_CAL_105502_P001_WB02_i5-516_i7-110_S7763_L002_R1_001.fastq.gz,2x150
CAL_105502_P001_WB03,pigl22_ 3.3.13,CAL_105502,AGGCTTAG,GCATAACG,GCATAACG-AGGCTTAG,RAPiD-Genomics_F307_CAL_105502_P001_WB03_i5-516_i7-111_S7764_L002_R1_001.fastq.gz,2x150
CAL_105502_P001_WB04,pigl22_ 8.3.9,CAL_105502,AGGCTTAG,CATCCAAG,CATCCAAG-AGGCTTAG,RAPiD-Genomics_F307_CAL_105502_P001_WB04_i5-516_i7-112_S7765_L002_R1_001.fastq.gz,2x150
CAL_105502_P001_WB05,pigl22_ 6.2.9,CAL_105502,AGGCTTAG,CTCAGAAG,CTCAGAAG-AGGCTTAG,RAPiD-Genomics_F307_CAL_105502_P001_WB05_i5-516_i7-113_S7766_L002_R1_001.fastq.gz,2x150
CAL_105502_P001_WB06,pigl22_ 2.2.1,CAL_105502,AGGCTTAG,CTACAAGG,CTACAAGG-AGGCTTAG,RAPiD-Genomics_F307_CAL_105502_P001_WB06_i5-516_i7-114_S7767_L002_R1_001.fastq.gz,2x150
CAL_105502_P001_WB07,pigl22_ 1.2.13,CAL_105502,AGGCTTAG,CGCGTATT,CGCGTATT-AGGCTTAG,RAPiD-Genomics_F307_CAL_105502_P001_WB07_i5-516_i7-115_S7768_L002_R1_001.fastq.gz,2x150
CAL_105502_P001_WB08,pigl22_ 4.2.13,CAL_105502,AGGCTTAG,TCGAACCT,TCGAACCT-AGGCTTAG,RAPiD-Genomics_F307_CAL_105502_P001_WB08_i5-516_i7-116_S7769_L002_R1_001.fastq.gz,2x150
CAL_105502_P001_WB09,pigl22_ 7.2.15,CAL_105502,AGGCTTAG,TCATCTCC,TCATCTCC-AGGCTTAG,RAPiD-Genomics_F307_CAL_105502_P001_WB09_i5-516_i7-117_S7770_L002_R1_001.fastq.gz,2x150
CAL_105502_P001_WB10,pigl22_ 2.2.5,CAL_105502,AGGCTTAG,TGTGTCAG,TGTGTCAG-AGGCTTAG,RAPiD-Genomics_F307_CAL_105502_P001_WB10_i5-516_i7-118_S7771_L002_R1_001.fastq.gz,2x150
CAL_105502_P001_WB11,pigl22_ 7.2.4,CAL_105502,AGGCTTAG,CCTAACAG,CCTAACAG-AGGCTTAG,RAPiD-Genomics_F307_CAL_105502_P001_WB11_i5-516_i7-119_S7772_L002_R1_001.fastq.gz,2x150
CAL_105502_P001_WB12,pigl22_ 7.2.13,CAL_105502,AGGCTTAG,AACAAGGC,AACAAGGC-AGGCTTAG,RAPiD-Genomics_F307_CAL_105502_P001_WB12_i5-516_i7-120_S7773_L002_R1_001.fastq.gz,2x150
CAL_105502_P001_WC01,pigl22_ 1.2.1,CAL_105502,AGGCTTAG,AACCACTC,AACCACTC-AGGCTTAG,RAPiD-Genomics_F307_CAL_105502_P001_WC01_i5-516_i7-121_S7774_L002_R1_001.fastq.gz,2x150
CAL_105502_P001_WC02,pigl22_ 9.3.9,CAL_105502,AGGCTTAG,GTCGTTAC,GTCGTTAC-AGGCTTAG,RAPiD-Genomics_F307_CAL_105502_P001_WC02_i5-516_i7-122_S7775_L002_R1_001.fastq.gz,2x150
CAL_105502_P001_WC03,pigl22_ 6.1.5,CAL_105502,AGGCTTAG,CGAGAGAA,CGAGAGAA-AGGCTTAG,RAPiD-Genomics_F307_CAL_105502_P001_WC03_i5-516_i7-123_S7776_L002_R1_001.fastq.gz,2x150
CAL_105502_P001_WC04,pigl22_ 1.3.9,CAL_105502,AGGCTTAG,TCGTGCAT,TCGTGCAT-AGGCTTAG,RAPiD-Genomics_F307_CAL_105502_P001_WC04_i5-516_i7-124_S7777_L002_R1_001.fastq.gz,2x150
CAL_105502_P001_WC05,pigl22_ 8.3.1,CAL_105502,AGGCTTAG,TCCAGCAA,TCCAGCAA-AGGCTTAG,RAPiD-Genomics_F307_CAL_105502_P001_WC05_i5-516_i7-125_S7778_L002_R1_001.fastq.gz,2x150
CAL_105502_P001_WC06,pigl22_ 7.3.1,CAL_105502,AGGCTTAG,ACTCCTAC,ACTCCTAC-AGGCTTAG,RAPiD-Genomics_F307_CAL_105502_P001_WC06_i5-516_i7-126_S7779_L002_R1_001.fastq.gz,2x150
CAL_105502_P001_WC07,pigl22_ 9.1.9,CAL_105502,AGGCTTAG,AAGCGACT,AAGCGACT-AGGCTTAG,RAPiD-Genomics_F307_CAL_105502_P001_WC07_i5-516_i7-127_S7780_L002_R1_001.fastq.gz,2x150
CAL_105502_P001_WC08,pigl22_ 1.3.5,CAL_105502,AGGCTTAG,TTCGAAGC,TTCGAAGC-AGGCTTAG,RAPiD-Genomics_F307_CAL_105502_P001_WC08_i5-516_i7-128_S7781_L002_R1_001.fastq.gz,2x150
CAL_105502_P001_WC09,pigl22_ 7.3.5,CAL_105502,AGGCTTAG,CACAGACT,CACAGACT-AGGCTTAG,RAPiD-Genomics_F307_CAL_105502_P001_WC09_i5-516_i7-129_S7782_L002_R1_001.fastq.gz,2x150
CAL_105502_P001_WC10,pigl22_ 9.1.5,CAL_105502,AGGCTTAG,GTTCCATG,GTTCCATG-AGGCTTAG,RAPiD-Genomics_F307_CAL_105502_P001_WC10_i5-516_i7-130_S7783_L002_R1_001.fastq.gz,2x150
CAL_105502_P001_WC11,pigl22_ 1.3.1,CAL_105502,AGGCTTAG,TCTTACGG,TCTTACGG-AGGCTTAG,RAPiD-Genomics_F307_CAL_105502_P001_WC11_i5-516_i7-131_S7784_L002_R1_001.fastq.gz,2x150
CAL_105502_P001_WC12,pigl22_ 3.2.13,CAL_105502,AGGCTTAG,ATGAGTGC,ATGAGTGC-AGGCTTAG,RAPiD-Genomics_F307_CAL_105502_P001_WC12_i5-516_i7-132_S7785_L002_R1_001.fastq.gz,2x150
CAL_105502_P001_WD01,pigl22_ 7.1.5,CAL_105502,AGGCTTAG,TCTTCGAC,TCTTCGAC-AGGCTTAG,RAPiD-Genomics_F307_CAL_105502_P001_WD01_i5-516_i7-133_S7786_L002_R1_001.fastq.gz,2x150
CAL_105502_P001_WD02,pigl22_ 6.2.13,CAL_105502,AGGCTTAG,CTCTATCG,CTCTATCG-AGGCTTAG,RAPiD-Genomics_F307_CAL_105502_P001_WD02_i5-516_i7-134_S7787_L002_R1_001.fastq.gz,2x150
CAL_105502_P001_WD03,pigl22_ 1.1.13,CAL_105502,AGGCTTAG,GCTGTAAG,GCTGTAAG-AGGCTTAG,RAPiD-Genomics_F307_CAL_105502_P001_WD03_i5-516_i7-135_S7788_L002_R1_001.fastq.gz,2x150
CAL_105502_P001_WD04,pigl22_ 6.3.9,CAL_105502,AGGCTTAG,CTTCGGTT,CTTCGGTT-AGGCTTAG,RAPiD-Genomics_F307_CAL_105502_P001_WD04_i5-516_i7-136_S7789_L002_R1_001.fastq.gz,2x150
CAL_105502_P001_WD05,pigl22_ 2.3.10,CAL_105502,AGGCTTAG,AGGTAGGA,AGGTAGGA-AGGCTTAG,RAPiD-Genomics_F307_CAL_105502_P001_WD05_i5-516_i7-137_S7790_L002_R1_001.fastq.gz,2x150
CAL_105502_P001_WD06,pigl22_ 6.3.5,CAL_105502,AGGCTTAG,CTAACCTG,CTAACCTG-AGGCTTAG,RAPiD-Genomics_F307_CAL_105502_P001_WD06_i5-516_i7-138_S7791_L002_R1_001.fastq.gz,2x150
CAL_105502_P001_WD07,pigl22_ 8.1.5,CAL_105502,AGGCTTAG,AGAAGTGG,AGAAGTGG-AGGCTTAG,RAPiD-Genomics_F307_CAL_105502_P001_WD07_i5-516_i7-139_S7792_L002_R1_001.fastq.gz,2x150
CAL_105502_P001_WD08,pigl22_ 2.2.9,CAL_105502,AGGCTTAG,TGGATGGT,TGGATGGT-AGGCTTAG,RAPiD-Genomics_F307_CAL_105502_P001_WD08_i5-516_i7-140_S7793_L002_R1_001.fastq.gz,2x150
CAL_105502_P001_WD09,pigl22_ 4.2.1,CAL_105502,AGGCTTAG,TACGGAAG,TACGGAAG-AGGCTTAG,RAPiD-Genomics_F307_CAL_105502_P001_WD09_i5-516_i7-141_S7794_L002_R1_001.fastq.gz,2x150
CAL_105502_P001_WD10,pigl22_ 9.2.13,CAL_105502,AGGCTTAG,AAGTCCTC,AAGTCCTC-AGGCTTAG,RAPiD-Genomics_F307_CAL_105502_P001_WD10_i5-516_i7-142_S7795_L002_R1_001.fastq.gz,2x150
CAL_105502_P001_WD11,pigl22_ 8.1.1,CAL_105502,AGGCTTAG,TGAGACGA,TGAGACGA-AGGCTTAG,RAPiD-Genomics_F307_CAL_105502_P001_WD11_i5-516_i7-143_S7796_L002_R1_001.fastq.gz,2x150
CAL_105502_P001_WD12,pigl22_ 8.2.1,CAL_105502,AGGCTTAG,AGAAGCCT,AGAAGCCT-AGGCTTAG,RAPiD-Genomics_F307_CAL_105502_P001_WD12_i5-516_i7-144_S7797_L002_R1_001.fastq.gz,2x150
CAL_105502_P001_WE01,pigl22_ 8.1.13,CAL_105502,AGGCTTAG,AACAGGTG,AACAGGTG-AGGCTTAG,RAPiD-Genomics_F307_CAL_105502_P001_WE01_i5-516_i7-145_S7798_L002_R1_001.fastq.gz,2x150
CAL_105502_P001_WE02,pigl22_ 3.1.13,CAL_105502,AGGCTTAG,TCTAGGAG,TCTAGGAG-AGGCTTAG,RAPiD-Genomics_F307_CAL_105502_P001_WE02_i5-516_i7-146_S7799_L002_R1_001.fastq.gz,2x150
CAL_105502_P001_WE03,pigl22_ 8.2.13,CAL_105502,AGGCTTAG,GTAGTACC,GTAGTACC-AGGCTTAG,RAPiD-Genomics_F307_CAL_105502_P001_WE03_i5-516_i7-147_S7800_L002_R1_001.fastq.gz,2x150
CAL_105502_P001_WE04,pigl22_ 2.2.13,CAL_105502,AGGCTTAG,GATGCTAC,GATGCTAC-AGGCTTAG,RAPiD-Genomics_F307_CAL_105502_P001_WE04_i5-516_i7-148_S7801_L002_R1_001.fastq.gz,2x150
CAL_105502_P001_WE05,pigl22_ 6.1.13,CAL_105502,AGGCTTAG,CTCGTTCT,CTCGTTCT-AGGCTTAG,RAPiD-Genomics_F307_CAL_105502_P001_WE05_i5-516_i7-149_S7802_L002_R1_001.fastq.gz,2x150
CAL_105502_P001_WE06,pigl22_ 1.1.5,CAL_105502,AGGCTTAG,ATAGTCGG,ATAGTCGG-AGGCTTAG,RAPiD-Genomics_F307_CAL_105502_P001_WE06_i5-516_i7-150_S7803_L002_R1_001.fastq.gz,2x150
CAL_105502_P001_WE07,pigl22_ 3.1.9,CAL_105502,AGGCTTAG,GGTTAGCT,GGTTAGCT-AGGCTTAG,RAPiD-Genomics_F307_CAL_105502_P001_WE07_i5-516_i7-151_S7804_L002_R1_001.fastq.gz,2x150
CAL_105502_P001_WE08,pigl22_ 6.3.13,CAL_105502,AGGCTTAG,TATGACCG,TATGACCG-AGGCTTAG,RAPiD-Genomics_F307_CAL_105502_P001_WE08_i5-516_i7-152_S7805_L002_R1_001.fastq.gz,2x150
CAL_105502_P001_WE09,pigl22_ 2.3.1,CAL_105502,AGGCTTAG,GTCAACAG,GTCAACAG-AGGCTTAG,RAPiD-Genomics_F307_CAL_105502_P001_WE09_i5-516_i7-153_S7806_L002_R1_001.fastq.gz,2x150
CAL_105502_P001_WE10,pigl22_ 1.1.9,CAL_105502,AGGCTTAG,AACCAGAG,AACCAGAG-AGGCTTAG,RAPiD-Genomics_F307_CAL_105502_P001_WE10_i5-516_i7-154_S7807_L002_R1_001.fastq.gz,2x150
CAL_105502_P001_WE11,pigl22_ 8.2.5,CAL_105502,AGGCTTAG,CTCGGTAA,CTCGGTAA-AGGCTTAG,RAPiD-Genomics_F307_CAL_105502_P001_WE11_i5-516_i7-155_S7808_L002_R1_001.fastq.gz,2x150
CAL_105502_P001_WE12,pigl22_ 2.3.14,CAL_105502,AGGCTTAG,AACCTACG,AACCTACG-AGGCTTAG,RAPiD-Genomics_F307_CAL_105502_P001_WE12_i5-516_i7-156_S7809_L002_R1_001.fastq.gz,2x150
CAL_105502_P001_WF01,pigl22_ 1.2.9,CAL_105502,AGGCTTAG,AAGTGCAG,AAGTGCAG-AGGCTTAG,RAPiD-Genomics_F307_CAL_105502_P001_WF01_i5-516_i7-157_S7810_L002_R1_001.fastq.gz,2x150
CAL_105502_P001_WF02,pigl22_ 7.1.1,CAL_105502,AGGCTTAG,CGATTCTG,CGATTCTG-AGGCTTAG,RAPiD-Genomics_F307_CAL_105502_P001_WF02_i5-516_i7-158_S7811_L002_R1_001.fastq.gz,2x150
CAL_105502_P001_WF03,pigl22_ 1.2.5,CAL_105502,AGGCTTAG,CGGAGTAT,CGGAGTAT-AGGCTTAG,RAPiD-Genomics_F307_CAL_105502_P001_WF03_i5-516_i7-159_S7812_L002_R1_001.fastq.gz,2x150
CAL_105502_P001_WF04,pigl22_ 3.1.5,CAL_105502,AGGCTTAG,GTGAGACT,GTGAGACT-AGGCTTAG,RAPiD-Genomics_F307_CAL_105502_P001_WF04_i5-516_i7-160_S7813_L002_R1_001.fastq.gz,2x150
CAL_105502_P001_WF05,pigl22_ 9.2.5,CAL_105502,AGGCTTAG,GGTTGAAC,GGTTGAAC-AGGCTTAG,RAPiD-Genomics_F307_CAL_105502_P001_WF05_i5-516_i7-161_S7814_L002_R1_001.fastq.gz,2x150
CAL_105502_P001_WF06,pigl22_ 4.2.5,CAL_105502,AGGCTTAG,ATTCCGCT,ATTCCGCT-AGGCTTAG,RAPiD-Genomics_F307_CAL_105502_P001_WF06_i5-516_i7-162_S7815_L002_R1_001.fastq.gz,2x150
CAL_105502_P001_WF07,pigl22_ 6.2.1,CAL_105502,AGGCTTAG,TTAGGCGT,TTAGGCGT-AGGCTTAG,RAPiD-Genomics_F307_CAL_105502_P001_WF07_i5-516_i7-163_S7816_L002_R1_001.fastq.gz,2x150
CAL_105502_P001_WF08,pigl22_ 2.1.1,CAL_105502,AGGCTTAG,GGACTACT,GGACTACT-AGGCTTAG,RAPiD-Genomics_F307_CAL_105502_P001_WF08_i5-516_i7-164_S7817_L002_R1_001.fastq.gz,2x150
CAL_105502_P001_WF09,pigl22_ 3.1.1,CAL_105502,AGGCTTAG,AGAGGATG,AGAGGATG-AGGCTTAG,RAPiD-Genomics_F307_CAL_105502_P001_WF09_i5-516_i7-165_S7818_L002_R1_001.fastq.gz,2x150
CAL_105502_P001_WF10,pigl22_ 7.3.13,CAL_105502,AGGCTTAG,TGTGGCTT,TGTGGCTT-AGGCTTAG,RAPiD-Genomics_F307_CAL_105502_P001_WF10_i5-516_i7-166_S7819_L002_R1_001.fastq.gz,2x150
CAL_105502_P001_WF11,pigl22_ 9.3.5,CAL_105502,AGGCTTAG,CTGATGAG,CTGATGAG-AGGCTTAG,RAPiD-Genomics_F307_CAL_105502_P001_WF11_i5-516_i7-167_S7820_L002_R1_001.fastq.gz,2x150
CAL_105502_P001_WF12,pigl22_ 4.3.13,CAL_105502,AGGCTTAG,TAGGAGCT,TAGGAGCT-AGGCTTAG,RAPiD-Genomics_F307_CAL_105502_P001_WF12_i5-516_i7-168_S7821_L002_R1_001.fastq.gz,2x150
CAL_105502_P001_WG01,pigl22_ 2.1.5,CAL_105502,AGGCTTAG,ACTGCACT,ACTGCACT-AGGCTTAG,RAPiD-Genomics_F307_CAL_105502_P001_WG01_i5-516_i7-169_S7822_L002_R1_001.fastq.gz,2x150
CAL_105502_P001_WG02,pigl22_ 3.3.5,CAL_105502,AGGCTTAG,CGTAGATG,CGTAGATG-AGGCTTAG,RAPiD-Genomics_F307_CAL_105502_P001_WG02_i5-516_i7-170_S7823_L002_R1_001.fastq.gz,2x150
CAL_105502_P001_WG03,pigl22_ 4.1.13,CAL_105502,AGGCTTAG,GCAATTCC,GCAATTCC-AGGCTTAG,RAPiD-Genomics_F307_CAL_105502_P001_WG03_i5-516_i7-171_S7824_L002_R1_001.fastq.gz,2x150
CAL_105502_P001_WG04,pigl22_ 7.1.9,CAL_105502,AGGCTTAG,AGTCTTGG,AGTCTTGG-AGGCTTAG,RAPiD-Genomics_F307_CAL_105502_P001_WG04_i5-516_i7-172_S7825_L002_R1_001.fastq.gz,2x150
CAL_105502_P001_WG05,pigl22_ 2.1.13,CAL_105502,AGGCTTAG,CATCTGCT,CATCTGCT-AGGCTTAG,RAPiD-Genomics_F307_CAL_105502_P001_WG05_i5-516_i7-173_S7826_L002_R1_001.fastq.gz,2x150
CAL_105502_P001_WG06,pigl22_ 3.3.9,CAL_105502,AGGCTTAG,TACCGGAT,TACCGGAT-AGGCTTAG,RAPiD-Genomics_F307_CAL_105502_P001_WG06_i5-516_i7-174_S7827_L002_R1_001.fastq.gz,2x150
CAL_105502_P001_WG07,pigl22_ 4.1.9,CAL_105502,AGGCTTAG,ACATGGAG,ACATGGAG-AGGCTTAG,RAPiD-Genomics_F307_CAL_105502_P001_WG07_i5-516_i7-175_S7828_L002_R1_001.fastq.gz,2x150
CAL_105502_P001_WG08,pigl22_ 4.3.9,CAL_105502,AGGCTTAG,TTGCAACG,TTGCAACG-AGGCTTAG,RAPiD-Genomics_F307_CAL_105502_P001_WG08_i5-516_i7-176_S7829_L002_R1_001.fastq.gz,2x150
CAL_105502_P001_WG09,pigl22_ 4.3.1,CAL_105502,AGGCTTAG,TCAGCCTT,TCAGCCTT-AGGCTTAG,RAPiD-Genomics_F307_CAL_105502_P001_WG09_i5-516_i7-177_S7830_L002_R1_001.fastq.gz,2x150
CAL_105502_P001_WG10,pigl22_ 9.3.13,CAL_105502,AGGCTTAG,AATCGCTG,AATCGCTG-AGGCTTAG,RAPiD-Genomics_F307_CAL_105502_P001_WG10_i5-516_i7-178_S7831_L002_R1_001.fastq.gz,2x150
CAL_105502_P001_WG11,pigl22_ 2.1.9,CAL_105502,AGGCTTAG,AGCCAACT,AGCCAACT-AGGCTTAG,RAPiD-Genomics_F307_CAL_105502_P001_WG11_i5-516_i7-179_S7832_L002_R1_001.fastq.gz,2x150
CAL_105502_P001_WG12,pigl22_ 4.3.5,CAL_105502,AGGCTTAG,CACGATTC,CACGATTC-AGGCTTAG,RAPiD-Genomics_F307_CAL_105502_P001_WG12_i5-516_i7-180_S7833_L002_R1_001.fastq.gz,2x150
CAL_105502_P001_WH01,pigl22_ 1.1.1,CAL_105502,AGGCTTAG,CTACATCC,CTACATCC-AGGCTTAG,RAPiD-Genomics_F307_CAL_105502_P001_WH01_i5-516_i7-181_S7834_L002_R1_001.fastq.gz,2x150
CAL_105502_P001_WH02,pigl22_ 4.1.5,CAL_105502,AGGCTTAG,AGTGCATC,AGTGCATC-AGGCTTAG,RAPiD-Genomics_F307_CAL_105502_P001_WH02_i5-516_i7-182_S7835_L002_R1_001.fastq.gz,2x150
CAL_105502_P001_WH03,pigl22_ 6.3.1,CAL_105502,AGGCTTAG,TGCTGTGA,TGCTGTGA-AGGCTTAG,RAPiD-Genomics_F307_CAL_105502_P001_WH03_i5-516_i7-183_S7836_L002_R1_001.fastq.gz,2x150
CAL_105502_P001_WH04,pigl22_ 4.2.9,CAL_105502,AGGCTTAG,ACTGGTGT,ACTGGTGT-AGGCTTAG,RAPiD-Genomics_F307_CAL_105502_P001_WH04_i5-516_i7-184_S7837_L002_R1_001.fastq.gz,2x150
CAL_105502_P001_WH05,pigl22_ 1.3.13,CAL_105502,AGGCTTAG,CAACTTGG,CAACTTGG-AGGCTTAG,RAPiD-Genomics_F307_CAL_105502_P001_WH05_i5-516_i7-185_S7838_L002_R1_001.fastq.gz,2x150
CAL_105502_P001_WH06,pigl22_ 3.2.5,CAL_105502,AGGCTTAG,TCCTGACT,TCCTGACT-AGGCTTAG,RAPiD-Genomics_F307_CAL_105502_P001_WH06_i5-516_i7-186_S7839_L002_R1_001.fastq.gz,2x150
CAL_105502_P001_WH07,pigl22_ 6.1.1,CAL_105502,AGGCTTAG,GGTCGTAT,GGTCGTAT-AGGCTTAG,RAPiD-Genomics_F307_CAL_105502_P001_WH07_i5-516_i7-187_S7840_L002_R1_001.fastq.gz,2x150
CAL_105502_P001_WH08,pigl22_ 3.3.1,CAL_105502,AGGCTTAG,CTGGTCAT,CTGGTCAT-AGGCTTAG,RAPiD-Genomics_F307_CAL_105502_P001_WH08_i5-516_i7-188_S7841_L002_R1_001.fastq.gz,2x150
CAL_105502_P001_WH09,pigl22_ 8.3.5,CAL_105502,AGGCTTAG,GGAGGAAT,GGAGGAAT-AGGCTTAG,RAPiD-Genomics_F307_CAL_105502_P001_WH09_i5-516_i7-189_S7842_L002_R1_001.fastq.gz,2x150
CAL_105502_P001_WH10,pigl22_ 3.2.9,CAL_105502,AGGCTTAG,ATAGGTCC,ATAGGTCC-AGGCTTAG,RAPiD-Genomics_F307_CAL_105502_P001_WH10_i5-516_i7-190_S7843_L002_R1_001.fastq.gz,2x150
CAL_105502_P001_WH11,pigl22_ 9.1.1,CAL_105502,AGGCTTAG,ACCATGTC,ACCATGTC-AGGCTTAG,RAPiD-Genomics_F307_CAL_105502_P001_WH11_i5-516_i7-191_S7844_L002_R1_001.fastq.gz,2x150
CAL_105502_P001_WH12,pigl22_ 8.3.13,CAL_105502,AGGCTTAG,GTGAATGG,GTGAATGG-AGGCTTAG,RAPiD-Genomics_F307_CAL_105502_P001_WH12_i5-516_i7-192_S7845_L002_R1_001.fastq.gz,2x150
CAL_105502_P002_WA01,pigl22_ 9.3.10,CAL_105502,GCAATTCG,GTGTTCTA,GTGTTCTA-GCAATTCG,RAPiD-Genomics_F307_CAL_105502_P002_WA01_i5-533_i7-59_S7846_L002_R1_001.fastq.gz,2x150
CAL_105502_P002_WA02,pigl22_ 7.2.6,CAL_105502,GCAATTCG,AGTCACTA,AGTCACTA-GCAATTCG,RAPiD-Genomics_F307_CAL_105502_P002_WA02_i5-533_i7-27_S7847_L002_R1_001.fastq.gz,2x150
CAL_105502_P002_WA03,pigl22_ 9.3.6,CAL_105502,GCAATTCG,ATTGGCTC,ATTGGCTC-GCAATTCG,RAPiD-Genomics_F307_CAL_105502_P002_WA03_i5-533_i7-82_S7848_L002_R1_001.fastq.gz,2x150
CAL_105502_P002_WA04,pigl22_ 9.2.6,CAL_105502,GCAATTCG,CAGATCTG,CAGATCTG-GCAATTCG,RAPiD-Genomics_F307_CAL_105502_P002_WA04_i5-533_i7-7_S7849_L002_R1_001.fastq.gz,2x150
CAL_105502_P002_WA05,pigl22_ 1.1.2,CAL_105502,GCAATTCG,CCGTGAGA,CCGTGAGA-GCAATTCG,RAPiD-Genomics_F307_CAL_105502_P002_WA05_i5-533_i7-38_S7850_L002_R1_001.fastq.gz,2x150
CAL_105502_P002_WA06,pigl22_ 8.2.2,CAL_105502,GCAATTCG,ACACGACC,ACACGACC-GCAATTCG,RAPiD-Genomics_F307_CAL_105502_P002_WA06_i5-533_i7-74_S7851_L002_R1_001.fastq.gz,2x150
CAL_105502_P002_WA07,pigl22_ 9.3.2,CAL_105502,GCAATTCG,AGCACCTC,AGCACCTC-GCAATTCG,RAPiD-Genomics_F307_CAL_105502_P002_WA07_i5-533_i7-77_S7852_L002_R1_001.fastq.gz,2x150
CAL_105502_P002_WA08,pigl22_ 7.2.3,CAL_105502,GCAATTCG,AAGACGGA,AAGACGGA-GCAATTCG,RAPiD-Genomics_F307_CAL_105502_P002_WA08_i5-533_i7-16_S7853_L002_R1_001.fastq.gz,2x150
CAL_105502_P002_WA09,pigl22_ 4.2.10,CAL_105502,GCAATTCG,CCAGTTCA,CCAGTTCA-GCAATTCG,RAPiD-Genomics_F307_CAL_105502_P002_WA09_i5-533_i7-36_S7854_L002_R1_001.fastq.gz,2x150
CAL_105502_P002_WA10,pigl22_ 3.1.6,CAL_105502,GCAATTCG,GGAGAACA,GGAGAACA-GCAATTCG,RAPiD-Genomics_F307_CAL_105502_P002_WA10_i5-533_i7-54_S7855_L002_R1_001.fastq.gz,2x150
CAL_105502_P002_WA11,pigl22_ 4.2.6,CAL_105502,GCAATTCG,AGATCGCA,AGATCGCA-GCAATTCG,RAPiD-Genomics_F307_CAL_105502_P002_WA11_i5-533_i7-25_S7856_L002_R1_001.fastq.gz,2x150
CAL_105502_P002_WA12,pigl22_ 6.2.14,CAL_105502,GCAATTCG,ACTATGCA,ACTATGCA-GCAATTCG,RAPiD-Genomics_F307_CAL_105502_P002_WA12_i5-533_i7-23_S7857_L002_R1_001.fastq.gz,2x150
CAL_105502_P002_WB01,pigl22_ 8.1.10,CAL_105502,GCAATTCG,CAAGACTA,CAAGACTA-GCAATTCG,RAPiD-Genomics_F307_CAL_105502_P002_WB01_i5-533_i7-31_S7858_L002_R1_001.fastq.gz,2x150
CAL_105502_P002_WB02,pigl22_ 8.2.6,CAL_105502,GCAATTCG,CCTCCTGA,CCTCCTGA-GCAATTCG,RAPiD-Genomics_F307_CAL_105502_P002_WB02_i5-533_i7-39_S7859_L002_R1_001.fastq.gz,2x150
CAL_105502_P002_WB03,pigl22_ 7.2.19,CAL_105502,GCAATTCG,AAACATCG,AAACATCG-GCAATTCG,RAPiD-Genomics_F307_CAL_105502_P002_WB03_i5-533_i7-2_S7860_L002_R1_001.fastq.gz,2x150
CAL_105502_P002_WB04,pigl22_ 4.2.14,CAL_105502,GCAATTCG,ACCTCCAA,ACCTCCAA-GCAATTCG,RAPiD-Genomics_F307_CAL_105502_P002_WB04_i5-533_i7-20_S7861_L002_R1_001.fastq.gz,2x150
CAL_105502_P002_WB05,pigl22_ 8.3.6,CAL_105502,GCAATTCG,CGGATTGC,CGGATTGC-GCAATTCG,RAPiD-Genomics_F307_CAL_105502_P002_WB05_i5-533_i7-90_S7862_L002_R1_001.fastq.gz,2x150
CAL_105502_P002_WB06,pigl22_ 9.1.2,CAL_105502,GCAATTCG,ACATTGGC,ACATTGGC-GCAATTCG,RAPiD-Genomics_F307_CAL_105502_P002_WB06_i5-533_i7-6_S7863_L002_R1_001.fastq.gz,2x150
CAL_105502_P002_WB07,pigl22_ 8.3.10,CAL_105502,GCAATTCG,ATTGAGGA,ATTGAGGA-GCAATTCG,RAPiD-Genomics_F307_CAL_105502_P002_WB07_i5-533_i7-29_S7864_L002_R1_001.fastq.gz,2x150
CAL_105502_P002_WB08,pigl22_ 7.1.6,CAL_105502,GCAATTCG,GTCGTAGA,GTCGTAGA-GCAATTCG,RAPiD-Genomics_F307_CAL_105502_P002_WB08_i5-533_i7-57_S7865_L002_R1_001.fastq.gz,2x150
CAL_105502_P002_WB09,pigl22_ 1.1.10,CAL_105502,GCAATTCG,TCTTCACA,TCTTCACA-GCAATTCG,RAPiD-Genomics_F307_CAL_105502_P002_WB09_i5-533_i7-63_S7866_L002_R1_001.fastq.gz,2x150
CAL_105502_P002_WB10,pigl22_ 9.2.14,CAL_105502,GCAATTCG,GGTGCGAA,GGTGCGAA-GCAATTCG,RAPiD-Genomics_F307_CAL_105502_P002_WB10_i5-533_i7-55_S7867_L002_R1_001.fastq.gz,2x150
CAL_105502_P002_WB11,pigl22_ 8.3.14,CAL_105502,GCAATTCG,ACCACTGT,ACCACTGT-GCAATTCG,RAPiD-Genomics_F307_CAL_105502_P002_WB11_i5-533_i7-5_S7868_L002_R1_001.fastq.gz,2x150
CAL_105502_P002_WB12,pigl22_ 7.1.2,CAL_105502,GCAATTCG,ACAGATTC,ACAGATTC-GCAATTCG,RAPiD-Genomics_F307_CAL_105502_P002_WB12_i5-533_i7-75_S7869_L002_R1_001.fastq.gz,2x150
CAL_105502_P002_WC01,pigl22_ 4.3.10,CAL_105502,GCAATTCG,TGGAACAA,TGGAACAA-GCAATTCG,RAPiD-Genomics_F307_CAL_105502_P002_WC01_i5-533_i7-65_S7870_L002_R1_001.fastq.gz,2x150
CAL_105502_P002_WC02,pigl22_ 9.1.6,CAL_105502,GCAATTCG,TGGTGGTA,TGGTGGTA-GCAATTCG,RAPiD-Genomics_F307_CAL_105502_P002_WC02_i5-533_i7-67_S7871_L002_R1_001.fastq.gz,2x150
CAL_105502_P002_WC03,pigl22_ 1.3.6,CAL_105502,GCAATTCG,CGAACTTA,CGAACTTA-GCAATTCG,RAPiD-Genomics_F307_CAL_105502_P002_WC03_i5-533_i7-40_S7872_L002_R1_001.fastq.gz,2x150
CAL_105502_P002_WC04,pigl22_ 9.3.14,CAL_105502,GCAATTCG,ACAGCAGA,ACAGCAGA-GCAATTCG,RAPiD-Genomics_F307_CAL_105502_P002_WC04_i5-533_i7-19_S7873_L002_R1_001.fastq.gz,2x150
CAL_105502_P002_WC05,pigl22_ 2.1.10,CAL_105502,GCAATTCG,ATCATTCC,ATCATTCC-GCAATTCG,RAPiD-Genomics_F307_CAL_105502_P002_WC05_i5-533_i7-81_S7874_L002_R1_001.fastq.gz,2x150
CAL_105502_P002_WC06,pigl22_ 4.3.6,CAL_105502,GCAATTCG,ATGCCTAA,ATGCCTAA-GCAATTCG,RAPiD-Genomics_F307_CAL_105502_P002_WC06_i5-533_i7-3_S7875_L002_R1_001.fastq.gz,2x150
CAL_105502_P002_WC07,pigl22_ 1.2.14,CAL_105502,GCAATTCG,TCCGTCTA,TCCGTCTA-GCAATTCG,RAPiD-Genomics_F307_CAL_105502_P002_WC07_i5-533_i7-62_S7876_L002_R1_001.fastq.gz,2x150
CAL_105502_P002_WC08,pigl22_ 9.2.10,CAL_105502,GCAATTCG,AAGGTACA,AAGGTACA-GCAATTCG,RAPiD-Genomics_F307_CAL_105502_P002_WC08_i5-533_i7-17_S7877_L002_R1_001.fastq.gz,2x150
CAL_105502_P002_WC09,pigl22_ 1.3.10,CAL_105502,GCAATTCG,GACAGTGC,GACAGTGC-GCAATTCG,RAPiD-Genomics_F307_CAL_105502_P002_WC09_i5-533_i7-93_S7878_L002_R1_001.fastq.gz,2x150
CAL_105502_P002_WC10,pigl22_ 2.2.2,CAL_105502,GCAATTCG,GACTAGTA,GACTAGTA-GCAATTCG,RAPiD-Genomics_F307_CAL_105502_P002_WC10_i5-533_i7-47_S7879_L002_R1_001.fastq.gz,2x150
CAL_105502_P002_WC11,pigl22_ 4.3.2,CAL_105502,GCAATTCG,AAGAGATC,AAGAGATC-GCAATTCG,RAPiD-Genomics_F307_CAL_105502_P002_WC11_i5-533_i7-70_S7880_L002_R1_001.fastq.gz,2x150
CAL_105502_P002_WC12,pigl22_ 2.1.6,CAL_105502,GCAATTCG,CTCAATGA,CTCAATGA-GCAATTCG,RAPiD-Genomics_F307_CAL_105502_P002_WC12_i5-533_i7-43_S7881_L002_R1_001.fastq.gz,2x150
CAL_105502_P002_WD01,pigl22_ 3.1.2,CAL_105502,GCAATTCG,GCTAACGA,GCTAACGA-GCAATTCG,RAPiD-Genomics_F307_CAL_105502_P002_WD01_i5-533_i7-52_S7882_L002_R1_001.fastq.gz,2x150
CAL_105502_P002_WD02,pigl22_ 8.1.14,CAL_105502,GCAATTCG,AATCCGTC,AATCCGTC-GCAATTCG,RAPiD-Genomics_F307_CAL_105502_P002_WD02_i5-533_i7-72_S7883_L002_R1_001.fastq.gz,2x150
CAL_105502_P002_WD03,pigl22_ 9.1.10,CAL_105502,GCAATTCG,CAACCACA,CAACCACA-GCAATTCG,RAPiD-Genomics_F307_CAL_105502_P002_WD03_i5-533_i7-30_S7884_L002_R1_001.fastq.gz,2x150
CAL_105502_P002_WD04,pigl22_ 2.3.7,CAL_105502,GCAATTCG,CTAAGGTC,CTAAGGTC-GCAATTCG,RAPiD-Genomics_F307_CAL_105502_P002_WD04_i5-533_i7-91_S7885_L002_R1_001.fastq.gz,2x150
CAL_105502_P002_WD05,pigl22_ 2.3.15,CAL_105502,GCAATTCG,AAGGACAC,AAGGACAC-GCAATTCG,RAPiD-Genomics_F307_CAL_105502_P002_WD05_i5-533_i7-71_S7886_L002_R1_001.fastq.gz,2x150
CAL_105502_P002_WD06,pigl22_ 6.2.6,CAL_105502,GCAATTCG,GCCACATA,GCCACATA-GCAATTCG,RAPiD-Genomics_F307_CAL_105502_P002_WD06_i5-533_i7-50_S7887_L002_R1_001.fastq.gz,2x150
CAL_105502_P002_WD07,pigl22_ 7.3.2,CAL_105502,GCAATTCG,CCGACAAC,CCGACAAC-GCAATTCG,RAPiD-Genomics_F307_CAL_105502_P002_WD07_i5-533_i7-86_S7888_L002_R1_001.fastq.gz,2x150
CAL_105502_P002_WD08,pigl22_ 2.3.3,CAL_105502,GCAATTCG,ATAGCGAC,ATAGCGAC-GCAATTCG,RAPiD-Genomics_F307_CAL_105502_P002_WD08_i5-533_i7-80_S7889_L002_R1_001.fastq.gz,2x150
CAL_105502_P002_WD09,pigl22_ 1.2.6,CAL_105502,GCAATTCG,TGAAGAGA,TGAAGAGA-GCAATTCG,RAPiD-Genomics_F307_CAL_105502_P002_WD09_i5-533_i7-64_S7890_L002_R1_001.fastq.gz,2x150
CAL_105502_P002_WD10,pigl22_ 6.2.2,CAL_105502,GCAATTCG,CATCAAGT,CATCAAGT-GCAATTCG,RAPiD-Genomics_F307_CAL_105502_P002_WD10_i5-533_i7-8_S7891_L002_R1_001.fastq.gz,2x150
CAL_105502_P002_WD11,pigl22_ 7.3.6,CAL_105502,GCAATTCG,GTCTGTCA,GTCTGTCA-GCAATTCG,RAPiD-Genomics_F307_CAL_105502_P002_WD11_i5-533_i7-58_S7892_L002_R1_001.fastq.gz,2x150
CAL_105502_P002_WD12,pigl22_ 2.3.11,CAL_105502,GCAATTCG,CGCTGATC,CGCTGATC-GCAATTCG,RAPiD-Genomics_F307_CAL_105502_P002_WD12_i5-533_i7-9_S7893_L002_R1_001.fastq.gz,2x150
CAL_105502_P002_WE01,pigl22_ 9.1.14,CAL_105502,GCAATTCG,GAGCTGAA,GAGCTGAA-GCAATTCG,RAPiD-Genomics_F307_CAL_105502_P002_WE01_i5-533_i7-48_S7894_L002_R1_001.fastq.gz,2x150
CAL_105502_P002_WE02,pigl22_ 1.1.6,CAL_105502,GCAATTCG,CGACACAC,CGACACAC-GCAATTCG,RAPiD-Genomics_F307_CAL_105502_P002_WE02_i5-533_i7-89_S7895_L002_R1_001.fastq.gz,2x150
CAL_105502_P002_WE03,pigl22_ 2.1.14,CAL_105502,GCAATTCG,CCTAATCC,CCTAATCC-GCAATTCG,RAPiD-Genomics_F307_CAL_105502_P002_WE03_i5-533_i7-87_S7896_L002_R1_001.fastq.gz,2x150
CAL_105502_P002_WE04,pigl22_ 4.1.14,CAL_105502,GCAATTCG,ACGCTCGA,ACGCTCGA-GCAATTCG,RAPiD-Genomics_F307_CAL_105502_P002_WE04_i5-533_i7-21_S7897_L002_R1_001.fastq.gz,2x150
CAL_105502_P002_WE05,pigl22_ 7.1.14,CAL_105502,GCAATTCG,GAGTTAGC,GAGTTAGC-GCAATTCG,RAPiD-Genomics_F307_CAL_105502_P002_WE05_i5-533_i7-94_S7898_L002_R1_001.fastq.gz,2x150
CAL_105502_P002_WE06,pigl22_ 1.1.14,CAL_105502,GCAATTCG,CATACCAA,CATACCAA-GCAATTCG,RAPiD-Genomics_F307_CAL_105502_P002_WE06_i5-533_i7-35_S7899_L002_R1_001.fastq.gz,2x150
CAL_105502_P002_WE07,pigl22_ 3.1.10,CAL_105502,GCAATTCG,CTGAGCCA,CTGAGCCA-GCAATTCG,RAPiD-Genomics_F307_CAL_105502_P002_WE07_i5-533_i7-44_S7900_L002_R1_001.fastq.gz,2x150
CAL_105502_P002_WE08,pigl22_ 4.2.2,CAL_105502,GCAATTCG,AGTGGTCA,AGTGGTCA-GCAATTCG,RAPiD-Genomics_F307_CAL_105502_P002_WE08_i5-533_i7-4_S7901_L002_R1_001.fastq.gz,2x150
CAL_105502_P002_WE09,pigl22_ 4.1.10,CAL_105502,GCAATTCG,AGAGTCAA,AGAGTCAA-GCAATTCG,RAPiD-Genomics_F307_CAL_105502_P002_WE09_i5-533_i7-24_S7902_L002_R1_001.fastq.gz,2x150
CAL_105502_P002_WE10,pigl22_ 3.2.10,CAL_105502,GCAATTCG,TATCAGCA,TATCAGCA-GCAATTCG,RAPiD-Genomics_F307_CAL_105502_P002_WE10_i5-533_i7-61_S7903_L002_R1_001.fastq.gz,2x150
CAL_105502_P002_WE11,pigl22_ 1.2.10,CAL_105502,GCAATTCG,AACAACCA,AACAACCA-GCAATTCG,RAPiD-Genomics_F307_CAL_105502_P002_WE11_i5-533_i7-13_S7904_L002_R1_001.fastq.gz,2x150
CAL_105502_P002_WE12,pigl22_ 3.1.14,CAL_105502,GCAATTCG,AGATGTAC,AGATGTAC-GCAATTCG,RAPiD-Genomics_F307_CAL_105502_P002_WE12_i5-533_i7-76_S7905_L002_R1_001.fastq.gz,2x150
CAL_105502_P002_WF01,pigl22_ 2.2.14,CAL_105502,GCAATTCG,ATCCTGTA,ATCCTGTA-GCAATTCG,RAPiD-Genomics_F307_CAL_105502_P002_WF01_i5-533_i7-28_S7906_L002_R1_001.fastq.gz,2x150
CAL_105502_P002_WF02,pigl22_ 7.3.14,CAL_105502,GCAATTCG,AGCCATGC,AGCCATGC-GCAATTCG,RAPiD-Genomics_F307_CAL_105502_P002_WF02_i5-533_i7-78_S7907_L002_R1_001.fastq.gz,2x150
CAL_105502_P002_WF03,pigl22_ 6.1.10,CAL_105502,GCAATTCG,AGGCTAAC,AGGCTAAC-GCAATTCG,RAPiD-Genomics_F307_CAL_105502_P002_WF03_i5-533_i7-79_S7908_L002_R1_001.fastq.gz,2x150
CAL_105502_P002_WF04,pigl22_ 7.2.2,CAL_105502,GCAATTCG,CTGGCATA,CTGGCATA-GCAATTCG,RAPiD-Genomics_F307_CAL_105502_P002_WF04_i5-533_i7-45_S7909_L002_R1_001.fastq.gz,2x150
CAL_105502_P002_WF05,pigl22_ 6.1.6,CAL_105502,GCAATTCG,GAACAGGC,GAACAGGC-GCAATTCG,RAPiD-Genomics_F307_CAL_105502_P002_WF05_i5-533_i7-92_S7910_L002_R1_001.fastq.gz,2x150
CAL_105502_P002_WF06,pigl22_ 7.3.10,CAL_105502,GCAATTCG,TAGGATGA,TAGGATGA-GCAATTCG,RAPiD-Genomics_F307_CAL_105502_P002_WF06_i5-533_i7-60_S7911_L002_R1_001.fastq.gz,2x150
CAL_105502_P002_WF07,pigl22_ 6.1.14,CAL_105502,GCAATTCG,CACTTCGA,CACTTCGA-GCAATTCG,RAPiD-Genomics_F307_CAL_105502_P002_WF07_i5-533_i7-33_S7912_L002_R1_001.fastq.gz,2x150
CAL_105502_P002_WF08,pigl22_ 2.2.6,CAL_105502,GCAATTCG,GCTCGGTA,GCTCGGTA-GCAATTCG,RAPiD-Genomics_F307_CAL_105502_P002_WF08_i5-533_i7-53_S7913_L002_R1_001.fastq.gz,2x150
CAL_105502_P002_WF09,pigl22_ 7.1.10,CAL_105502,GCAATTCG,GAATCTGA,GAATCTGA-GCAATTCG,RAPiD-Genomics_F307_CAL_105502_P002_WF09_i5-533_i7-46_S7914_L002_R1_001.fastq.gz,2x150
CAL_105502_P002_WF10,pigl22_ 8.3.2,CAL_105502,GCAATTCG,AGCAGGAA,AGCAGGAA-GCAATTCG,RAPiD-Genomics_F307_CAL_105502_P002_WF10_i5-533_i7-26_S7915_L002_R1_001.fastq.gz,2x150
CAL_105502_P002_WF11,pigl22_ 6.2.10,CAL_105502,GCAATTCG,GCGAGTAA,GCGAGTAA-GCAATTCG,RAPiD-Genomics_F307_CAL_105502_P002_WF11_i5-533_i7-51_S7916_L002_R1_001.fastq.gz,2x150
CAL_105502_P002_WF12,pigl22_ 2.2.10,CAL_105502,GCAATTCG,TGGCTTCA,TGGCTTCA-GCAATTCG,RAPiD-Genomics_F307_CAL_105502_P002_WF12_i5-533_i7-66_S7917_L002_R1_001.fastq.gz,2x150
CAL_105502_P002_WG01,pigl22_ 8.2.10,CAL_105502,GCAATTCG,CACCTTAC,CACCTTAC-GCAATTCG,RAPiD-Genomics_F307_CAL_105502_P002_WG01_i5-533_i7-84_S7918_L002_R1_001.fastq.gz,2x150
CAL_105502_P002_WG02,pigl22_ 8.1.2,CAL_105502,GCAATTCG,AGTACAAG,AGTACAAG-GCAATTCG,RAPiD-Genomics_F307_CAL_105502_P002_WG02_i5-533_i7-12_S7919_L002_R1_001.fastq.gz,2x150
CAL_105502_P002_WG03,pigl22_ 3.3.14,CAL_105502,GCAATTCG,ACGTATCA,ACGTATCA-GCAATTCG,RAPiD-Genomics_F307_CAL_105502_P002_WG03_i5-533_i7-22_S7920_L002_R1_001.fastq.gz,2x150
CAL_105502_P002_WG04,pigl22_ 8.1.6,CAL_105502,GCAATTCG,ACAAGCTA,ACAAGCTA-GCAATTCG,RAPiD-Genomics_F307_CAL_105502_P002_WG04_i5-533_i7-10_S7921_L002_R1_001.fastq.gz,2x150
CAL_105502_P002_WG05,pigl22_ 1.2.2,CAL_105502,GCAATTCG,AACTCACC,AACTCACC-GCAATTCG,RAPiD-Genomics_F307_CAL_105502_P002_WG05_i5-533_i7-69_S7922_L002_R1_001.fastq.gz,2x150
CAL_105502_P002_WG06,pigl22_ 3.3.6,CAL_105502,GCAATTCG,AACCGAGA,AACCGAGA-GCAATTCG,RAPiD-Genomics_F307_CAL_105502_P002_WG06_i5-533_i7-14_S7923_L002_R1_001.fastq.gz,2x150
CAL_105502_P002_WG07,pigl22_ 1.3.14,CAL_105502,GCAATTCG,ACACAGAA,ACACAGAA-GCAATTCG,RAPiD-Genomics_F307_CAL_105502_P002_WG07_i5-533_i7-18_S7924_L002_R1_001.fastq.gz,2x150
CAL_105502_P002_WG08,pigl22_ 3.2.14,CAL_105502,GCAATTCG,TTCACGCA,TTCACGCA-GCAATTCG,RAPiD-Genomics_F307_CAL_105502_P002_WG08_i5-533_i7-68_S7925_L002_R1_001.fastq.gz,2x150
CAL_105502_P002_WG09,pigl22_ 3.3.10,CAL_105502,GCAATTCG,CGACTGGA,CGACTGGA-GCAATTCG,RAPiD-Genomics_F307_CAL_105502_P002_WG09_i5-533_i7-41_S7926_L002_R1_001.fastq.gz,2x150
CAL_105502_P002_WG10,pigl22_ 2.1.2,CAL_105502,GCAATTCG,CCGAAGTA,CCGAAGTA-GCAATTCG,RAPiD-Genomics_F307_CAL_105502_P002_WG10_i5-533_i7-37_S7927_L002_R1_001.fastq.gz,2x150
CAL_105502_P002_WG11,pigl22_ 3.3.2,CAL_105502,GCAATTCG,GCCAAGAC,GCCAAGAC-GCAATTCG,RAPiD-Genomics_F307_CAL_105502_P002_WG11_i5-533_i7-96_S7928_L002_R1_001.fastq.gz,2x150
CAL_105502_P002_WG12,pigl22_ 6.3.14,CAL_105502,GCAATTCG,CGCATACA,CGCATACA-GCAATTCG,RAPiD-Genomics_F307_CAL_105502_P002_WG12_i5-533_i7-42_S7929_L002_R1_001.fastq.gz,2x150
CAL_105502_P002_WH01,pigl22_ 1.3.2,CAL_105502,GCAATTCG,CTGTAGCC,CTGTAGCC-GCAATTCG,RAPiD-Genomics_F307_CAL_105502_P002_WH01_i5-533_i7-11_S7930_L002_R1_001.fastq.gz,2x150
CAL_105502_P002_WH02,pigl22_ 9.2.2,CAL_105502,GCAATTCG,CAATGGAA,CAATGGAA-GCAATTCG,RAPiD-Genomics_F307_CAL_105502_P002_WH02_i5-533_i7-32_S7931_L002_R1_001.fastq.gz,2x150
CAL_105502_P002_WH03,pigl22_ 3.2.6,CAL_105502,GCAATTCG,CCTCTATC,CCTCTATC-GCAATTCG,RAPiD-Genomics_F307_CAL_105502_P002_WH03_i5-533_i7-88_S7932_L002_R1_001.fastq.gz,2x150
CAL_105502_P002_WH04,pigl22_ 4.3.14,CAL_105502,GCAATTCG,AATGTTGC,AATGTTGC-GCAATTCG,RAPiD-Genomics_F307_CAL_105502_P002_WH04_i5-533_i7-73_S7933_L002_R1_001.fastq.gz,2x150
CAL_105502_P002_WH05,pigl22_ 8.2.14,CAL_105502,GCAATTCG,AACGCTTA,AACGCTTA-GCAATTCG,RAPiD-Genomics_F307_CAL_105502_P002_WH05_i5-533_i7-15_S7934_L002_R1_001.fastq.gz,2x150
CAL_105502_P002_WH06,pigl22_ 6.3.6,CAL_105502,GCAATTCG,GATAGACA,GATAGACA-GCAATTCG,RAPiD-Genomics_F307_CAL_105502_P002_WH06_i5-533_i7-49_S7935_L002_R1_001.fastq.gz,2x150
CAL_105502_P002_WH07,pigl22_ 4.1.2,CAL_105502,GCAATTCG,AACGTGAT,AACGTGAT-GCAATTCG,RAPiD-Genomics_F307_CAL_105502_P002_WH07_i5-533_i7-1_S7936_L002_R1_001.fastq.gz,2x150
CAL_105502_P002_WH08,pigl22_ 3.2.2,CAL_105502,GCAATTCG,CCATCCTC,CCATCCTC-GCAATTCG,RAPiD-Genomics_F307_CAL_105502_P002_WH08_i5-533_i7-85_S7937_L002_R1_001.fastq.gz,2x150
CAL_105502_P002_WH09,pigl22_ 6.3.10,CAL_105502,GCAATTCG,CAAGGAGC,CAAGGAGC-GCAATTCG,RAPiD-Genomics_F307_CAL_105502_P002_WH09_i5-533_i7-83_S7938_L002_R1_001.fastq.gz,2x150
CAL_105502_P002_WH10,pigl22_ 6.1.2,CAL_105502,GCAATTCG,CAGCGTTA,CAGCGTTA-GCAATTCG,RAPiD-Genomics_F307_CAL_105502_P002_WH10_i5-533_i7-34_S7939_L002_R1_001.fastq.gz,2x150
CAL_105502_P002_WH11,pigl22_ 6.3.2,CAL_105502,GCAATTCG,GATGAATC,GATGAATC-GCAATTCG,RAPiD-Genomics_F307_CAL_105502_P002_WH11_i5-533_i7-95_S7940_L002_R1_001.fastq.gz,2x150
CAL_105502_P002_WH12,pigl22_ 4.1.6,CAL_105502,GCAATTCG,GTACGCAA,GTACGCAA-GCAATTCG,RAPiD-Genomics_F307_CAL_105502_P002_WH12_i5-533_i7-56_S7941_L002_R1_001.fastq.gz,2x150
CAL_105502_P003_WA01,pigl22_ 8.1.3,CAL_105502,CGACGTTA,GTGTTCTA,GTGTTCTA-CGACGTTA,RAPiD-Genomics_F307_CAL_105502_P003_WA01_i5-534_i7-59_S7942_L002_R1_001.fastq.gz,2x150
CAL_105502_P003_WA02,pigl22_ 9.3.7,CAL_105502,CGACGTTA,AGTCACTA,AGTCACTA-CGACGTTA,RAPiD-Genomics_F307_CAL_105502_P003_WA02_i5-534_i7-27_S7943_L002_R1_001.fastq.gz,2x150
CAL_105502_P003_WA03,pigl22_ 7.2.5,CAL_105502,CGACGTTA,ATTGGCTC,ATTGGCTC-CGACGTTA,RAPiD-Genomics_F307_CAL_105502_P003_WA03_i5-534_i7-82_S7944_L002_R1_001.fastq.gz,2x150
CAL_105502_P003_WA04,pigl22_ 1.3.7,CAL_105502,CGACGTTA,CAGATCTG,CAGATCTG-CGACGTTA,RAPiD-Genomics_F307_CAL_105502_P003_WA04_i5-534_i7-7_S7945_L002_R1_001.fastq.gz,2x150
CAL_105502_P003_WA05,pigl22_ 7.3.15,CAL_105502,CGACGTTA,CCGTGAGA,CCGTGAGA-CGACGTTA,RAPiD-Genomics_F307_CAL_105502_P003_WA05_i5-534_i7-38_S7946_L002_R1_001.fastq.gz,2x150
CAL_105502_P003_WA06,pigl22_ 3.2.15,CAL_105502,CGACGTTA,ACACGACC,ACACGACC-CGACGTTA,RAPiD-Genomics_F307_CAL_105502_P003_WA06_i5-534_i7-74_S7947_L002_R1_001.fastq.gz,2x150
CAL_105502_P003_WA07,pigl22_ 8.2.15,CAL_105502,CGACGTTA,AGCACCTC,AGCACCTC-CGACGTTA,RAPiD-Genomics_F307_CAL_105502_P003_WA07_i5-534_i7-77_S7948_L002_R1_001.fastq.gz,2x150
CAL_105502_P003_WA08,pigl22_ 8.1.7,CAL_105502,CGACGTTA,AAGACGGA,AAGACGGA-CGACGTTA,RAPiD-Genomics_F307_CAL_105502_P003_WA08_i5-534_i7-16_S7949_L002_R1_001.fastq.gz,2x150
CAL_105502_P003_WA09,pigl22_ 3.2.11,CAL_105502,CGACGTTA,CCAGTTCA,CCAGTTCA-CGACGTTA,RAPiD-Genomics_F307_CAL_105502_P003_WA09_i5-534_i7-36_S7950_L002_R1_001.fastq.gz,2x150
CAL_105502_P003_WA10,pigl22_ 9.2.3,CAL_105502,CGACGTTA,GGAGAACA,GGAGAACA-CGACGTTA,RAPiD-Genomics_F307_CAL_105502_P003_WA10_i5-534_i7-54_S7951_L002_R1_001.fastq.gz,2x150
CAL_105502_P003_WA11,pigl22_ 8.3.11,CAL_105502,CGACGTTA,AGATCGCA,AGATCGCA-CGACGTTA,RAPiD-Genomics_F307_CAL_105502_P003_WA11_i5-534_i7-25_S7952_L002_R1_001.fastq.gz,2x150
CAL_105502_P003_WA12,pigl22_ 7.3.3,CAL_105502,CGACGTTA,ACTATGCA,ACTATGCA-CGACGTTA,RAPiD-Genomics_F307_CAL_105502_P003_WA12_i5-534_i7-23_S7953_L002_R1_001.fastq.gz,2x150
CAL_105502_P003_WB01,pigl22_ 9.2.7,CAL_105502,CGACGTTA,CAAGACTA,CAAGACTA-CGACGTTA,RAPiD-Genomics_F307_CAL_105502_P003_WB01_i5-534_i7-31_S7954_L002_R1_001.fastq.gz,2x150
CAL_105502_P003_WB02,pigl22_ 6.2.11,CAL_105502,CGACGTTA,CCTCCTGA,CCTCCTGA-CGACGTTA,RAPiD-Genomics_F307_CAL_105502_P003_WB02_i5-534_i7-39_S7955_L002_R1_001.fastq.gz,2x150
CAL_105502_P003_WB03,pigl22_ 3.3.7,CAL_105502,CGACGTTA,AAACATCG,AAACATCG-CGACGTTA,RAPiD-Genomics_F307_CAL_105502_P003_WB03_i5-534_i7-2_S7956_L002_R1_001.fastq.gz,2x150
CAL_105502_P003_WB04,pigl22_ 7.2.9,CAL_105502,CGACGTTA,ACCTCCAA,ACCTCCAA-CGACGTTA,RAPiD-Genomics_F307_CAL_105502_P003_WB04_i5-534_i7-20_S7957_L002_R1_001.fastq.gz,2x150
CAL_105502_P003_WB05,pigl22_ 9.2.11,CAL_105502,CGACGTTA,CGGATTGC,CGGATTGC-CGACGTTA,RAPiD-Genomics_F307_CAL_105502_P003_WB05_i5-534_i7-90_S7958_L002_R1_001.fastq.gz,2x150
CAL_105502_P003_WB06,pigl22_ 8.3.15,CAL_105502,CGACGTTA,ACATTGGC,ACATTGGC-CGACGTTA,RAPiD-Genomics_F307_CAL_105502_P003_WB06_i5-534_i7-6_S7959_L002_R1_001.fastq.gz,2x150
CAL_105502_P003_WB07,pigl22_ 6.2.7,CAL_105502,CGACGTTA,ATTGAGGA,ATTGAGGA-CGACGTTA,RAPiD-Genomics_F307_CAL_105502_P003_WB07_i5-534_i7-29_S7960_L002_R1_001.fastq.gz,2x150
CAL_105502_P003_WB08,pigl22_ 9.2.15,CAL_105502,CGACGTTA,GTCGTAGA,GTCGTAGA-CGACGTTA,RAPiD-Genomics_F307_CAL_105502_P003_WB08_i5-534_i7-57_S7961_L002_R1_001.fastq.gz,2x150
CAL_105502_P003_WB09,pigl22_ 9.1.3,CAL_105502,CGACGTTA,TCTTCACA,TCTTCACA-CGACGTTA,RAPiD-Genomics_F307_CAL_105502_P003_WB09_i5-534_i7-63_S7962_L002_R1_001.fastq.gz,2x150
CAL_105502_P003_WB10,pigl22_ 6.2.3,CAL_105502,CGACGTTA,GGTGCGAA,GGTGCGAA-CGACGTTA,RAPiD-Genomics_F307_CAL_105502_P003_WB10_i5-534_i7-55_S7963_L002_R1_001.fastq.gz,2x150
CAL_105502_P003_WB11,pigl22_ 7.2.11,CAL_105502,CGACGTTA,ACCACTGT,ACCACTGT-CGACGTTA,RAPiD-Genomics_F307_CAL_105502_P003_WB11_i5-534_i7-5_S7964_L002_R1_001.fastq.gz,2x150
CAL_105502_P003_WB12,pigl22_ 6.2.15,CAL_105502,CGACGTTA,ACAGATTC,ACAGATTC-CGACGTTA,RAPiD-Genomics_F307_CAL_105502_P003_WB12_i5-534_i7-75_S7965_L002_R1_001.fastq.gz,2x150
CAL_105502_P003_WC01,pigl22_ 9.3.15,CAL_105502,CGACGTTA,TGGAACAA,TGGAACAA-CGACGTTA,RAPiD-Genomics_F307_CAL_105502_P003_WC01_i5-534_i7-65_S7966_L002_R1_001.fastq.gz,2x150
CAL_105502_P003_WC02,pigl22_ 8.1.11,CAL_105502,CGACGTTA,TGGTGGTA,TGGTGGTA-CGACGTTA,RAPiD-Genomics_F307_CAL_105502_P003_WC02_i5-534_i7-67_S7967_L002_R1_001.fastq.gz,2x150
CAL_105502_P003_WC03,pigl22_ 1.1.3,CAL_105502,CGACGTTA,CGAACTTA,CGAACTTA-CGACGTTA,RAPiD-Genomics_F307_CAL_105502_P003_WC03_i5-534_i7-40_S7968_L002_R1_001.fastq.gz,2x150
CAL_105502_P003_WC04,pigl22_ 8.3.7,CAL_105502,CGACGTTA,ACAGCAGA,ACAGCAGA-CGACGTTA,RAPiD-Genomics_F307_CAL_105502_P003_WC04_i5-534_i7-19_S7969_L002_R1_001.fastq.gz,2x150
CAL_105502_P003_WC05,pigl22_ 8.1.15,CAL_105502,CGACGTTA,ATCATTCC,ATCATTCC-CGACGTTA,RAPiD-Genomics_F307_CAL_105502_P003_WC05_i5-534_i7-81_S7970_L002_R1_001.fastq.gz,2x150
CAL_105502_P003_WC06,pigl22_ 2.1.11,CAL_105502,CGACGTTA,ATGCCTAA,ATGCCTAA-CGACGTTA,RAPiD-Genomics_F307_CAL_105502_P003_WC06_i5-534_i7-3_S7971_L002_R1_001.fastq.gz,2x150
CAL_105502_P003_WC07,pigl22_ 7.3.7,CAL_105502,CGACGTTA,TCCGTCTA,TCCGTCTA-CGACGTTA,RAPiD-Genomics_F307_CAL_105502_P003_WC07_i5-534_i7-62_S7972_L002_R1_001.fastq.gz,2x150
CAL_105502_P003_WC08,pigl22_ 1.1.15,CAL_105502,CGACGTTA,AAGGTACA,AAGGTACA-CGACGTTA,RAPiD-Genomics_F307_CAL_105502_P003_WC08_i5-534_i7-17_S7973_L002_R1_001.fastq.gz,2x150
CAL_105502_P003_WC09,pigl22_ 3.3.3,CAL_105502,CGACGTTA,GACAGTGC,GACAGTGC-CGACGTTA,RAPiD-Genomics_F307_CAL_105502_P003_WC09_i5-534_i7-93_S7974_L002_R1_001.fastq.gz,2x150
CAL_105502_P003_WC10,pigl22_ 8.2.3,CAL_105502,CGACGTTA,GACTAGTA,GACTAGTA-CGACGTTA,RAPiD-Genomics_F307_CAL_105502_P003_WC10_i5-534_i7-47_S7975_L002_R1_001.fastq.gz,2x150
CAL_105502_P003_WC11,pigl22_ 1.3.11,CAL_105502,CGACGTTA,AAGAGATC,AAGAGATC-CGACGTTA,RAPiD-Genomics_F307_CAL_105502_P003_WC11_i5-534_i7-70_S7976_L002_R1_001.fastq.gz,2x150
CAL_105502_P003_WC12,pigl22_ 2.1.15,CAL_105502,CGACGTTA,CTCAATGA,CTCAATGA-CGACGTTA,RAPiD-Genomics_F307_CAL_105502_P003_WC12_i5-534_i7-43_S7977_L002_R1_001.fastq.gz,2x150
CAL_105502_P003_WD01,pigl22_ 1.2.11,CAL_105502,CGACGTTA,GCTAACGA,GCTAACGA-CGACGTTA,RAPiD-Genomics_F307_CAL_105502_P003_WD01_i5-534_i7-52_S7978_L002_R1_001.fastq.gz,2x150
CAL_105502_P003_WD02,pigl22_ 3.2.3,CAL_105502,CGACGTTA,AATCCGTC,AATCCGTC-CGACGTTA,RAPiD-Genomics_F307_CAL_105502_P003_WD02_i5-534_i7-72_S7979_L002_R1_001.fastq.gz,2x150
CAL_105502_P003_WD03,pigl22_ 8.3.3,CAL_105502,CGACGTTA,CAACCACA,CAACCACA-CGACGTTA,RAPiD-Genomics_F307_CAL_105502_P003_WD03_i5-534_i7-30_S7980_L002_R1_001.fastq.gz,2x150
CAL_105502_P003_WD04,pigl22_ 4.3.7,CAL_105502,CGACGTTA,CTAAGGTC,CTAAGGTC-CGACGTTA,RAPiD-Genomics_F307_CAL_105502_P003_WD04_i5-534_i7-91_S7981_L002_R1_001.fastq.gz,2x150
CAL_105502_P003_WD05,pigl22_ 4.3.15,CAL_105502,CGACGTTA,AAGGACAC,AAGGACAC-CGACGTTA,RAPiD-Genomics_F307_CAL_105502_P003_WD05_i5-534_i7-71_S7982_L002_R1_001.fastq.gz,2x150
CAL_105502_P003_WD06,pigl22_ 1.3.3,CAL_105502,CGACGTTA,GCCACATA,GCCACATA-CGACGTTA,RAPiD-Genomics_F307_CAL_105502_P003_WD06_i5-534_i7-50_S7983_L002_R1_001.fastq.gz,2x150
CAL_105502_P003_WD07,pigl22_ 3.1.7,CAL_105502,CGACGTTA,CCGACAAC,CCGACAAC-CGACGTTA,RAPiD-Genomics_F307_CAL_105502_P003_WD07_i5-534_i7-86_S7984_L002_R1_001.fastq.gz,2x150
CAL_105502_P003_WD08,pigl22_ 4.3.3,CAL_105502,CGACGTTA,ATAGCGAC,ATAGCGAC-CGACGTTA,RAPiD-Genomics_F307_CAL_105502_P003_WD08_i5-534_i7-80_S7985_L002_R1_001.fastq.gz,2x150
CAL_105502_P003_WD09,pigl22_ 6.3.3,CAL_105502,CGACGTTA,TGAAGAGA,TGAAGAGA-CGACGTTA,RAPiD-Genomics_F307_CAL_105502_P003_WD09_i5-534_i7-64_S7986_L002_R1_001.fastq.gz,2x150
CAL_105502_P003_WD10,pigl22_ 7.1.7,CAL_105502,CGACGTTA,CATCAAGT,CATCAAGT-CGACGTTA,RAPiD-Genomics_F307_CAL_105502_P003_WD10_i5-534_i7-8_S7987_L002_R1_001.fastq.gz,2x150
CAL_105502_P003_WD11,pigl22_ 7.1.15,CAL_105502,CGACGTTA,GTCTGTCA,GTCTGTCA-CGACGTTA,RAPiD-Genomics_F307_CAL_105502_P003_WD11_i5-534_i7-58_S7988_L002_R1_001.fastq.gz,2x150
CAL_105502_P003_WD12,pigl22_ 3.1.11,CAL_105502,CGACGTTA,CGCTGATC,CGCTGATC-CGACGTTA,RAPiD-Genomics_F307_CAL_105502_P003_WD12_i5-534_i7-9_S7989_L002_R1_001.fastq.gz,2x150
CAL_105502_P003_WE01,pigl22_ 4.3.11,CAL_105502,CGACGTTA,GAGCTGAA,GAGCTGAA-CGACGTTA,RAPiD-Genomics_F307_CAL_105502_P003_WE01_i5-534_i7-48_S7990_L002_R1_001.fastq.gz,2x150
CAL_105502_P003_WE02,pigl22_ 7.2.12,CAL_105502,CGACGTTA,CGACACAC,CGACACAC-CGACGTTA,RAPiD-Genomics_F307_CAL_105502_P003_WE02_i5-534_i7-89_S7991_L002_R1_001.fastq.gz,2x150
CAL_105502_P003_WE03,pigl22_ 3.3.15,CAL_105502,CGACGTTA,CCTAATCC,CCTAATCC-CGACGTTA,RAPiD-Genomics_F307_CAL_105502_P003_WE03_i5-534_i7-87_S7992_L002_R1_001.fastq.gz,2x150
CAL_105502_P003_WE04,pigl22_ 1.1.7,CAL_105502,CGACGTTA,ACGCTCGA,ACGCTCGA-CGACGTTA,RAPiD-Genomics_F307_CAL_105502_P003_WE04_i5-534_i7-21_S7993_L002_R1_001.fastq.gz,2x150
CAL_105502_P003_WE05,pigl22_ 4.1.7,CAL_105502,CGACGTTA,GAGTTAGC,GAGTTAGC-CGACGTTA,RAPiD-Genomics_F307_CAL_105502_P003_WE05_i5-534_i7-94_S7994_L002_R1_001.fastq.gz,2x150
CAL_105502_P003_WE06,pigl22_ 7.1.11,CAL_105502,CGACGTTA,CATACCAA,CATACCAA-CGACGTTA,RAPiD-Genomics_F307_CAL_105502_P003_WE06_i5-534_i7-35_S7995_L002_R1_001.fastq.gz,2x150
CAL_105502_P003_WE07,pigl22_ 9.1.7,CAL_105502,CGACGTTA,CTGAGCCA,CTGAGCCA-CGACGTTA,RAPiD-Genomics_F307_CAL_105502_P003_WE07_i5-534_i7-44_S7996_L002_R1_001.fastq.gz,2x150
CAL_105502_P003_WE08,pigl22_ 7.3.11,CAL_105502,CGACGTTA,AGTGGTCA,AGTGGTCA-CGACGTTA,RAPiD-Genomics_F307_CAL_105502_P003_WE08_i5-534_i7-4_S7997_L002_R1_001.fastq.gz,2x150
CAL_105502_P003_WE09,pigl22_ 4.1.3,CAL_105502,CGACGTTA,AGAGTCAA,AGAGTCAA-CGACGTTA,RAPiD-Genomics_F307_CAL_105502_P003_WE09_i5-534_i7-24_S7998_L002_R1_001.fastq.gz,2x150
CAL_105502_P003_WE10,pigl22_ 1.2.15,CAL_105502,CGACGTTA,TATCAGCA,TATCAGCA-CGACGTTA,RAPiD-Genomics_F307_CAL_105502_P003_WE10_i5-534_i7-61_S7999_L002_R1_001.fastq.gz,2x150
CAL_105502_P003_WE11,pigl22_ 3.3.11,CAL_105502,CGACGTTA,AACAACCA,AACAACCA-CGACGTTA,RAPiD-Genomics_F307_CAL_105502_P003_WE11_i5-534_i7-13_S8000_L002_R1_001.fastq.gz,2x150
CAL_105502_P003_WF01,pigl22_ 9.3.3,CAL_105502,CGACGTTA,ATCCTGTA,ATCCTGTA-CGACGTTA,RAPiD-Genomics_F307_CAL_105502_P003_WF01_i5-534_i7-28_S8001_L002_R1_001.fastq.gz,2x150
CAL_105502_P003_WF02,pigl22_ 1.2.3,CAL_105502,CGACGTTA,AGCCATGC,AGCCATGC-CGACGTTA,RAPiD-Genomics_F307_CAL_105502_P003_WF02_i5-534_i7-78_S8002_L002_R1_001.fastq.gz,2x150
CAL_105502_P003_WF03,pigl22_ 2.1.7,CAL_105502,CGACGTTA,AGGCTAAC,AGGCTAAC-CGACGTTA,RAPiD-Genomics_F307_CAL_105502_P003_WF03_i5-534_i7-79_S8003_L002_R1_001.fastq.gz,2x150
CAL_105502_P003_WF04,pigl22_ 9.3.11,CAL_105502,CGACGTTA,CTGGCATA,CTGGCATA-CGACGTTA,RAPiD-Genomics_F307_CAL_105502_P003_WF04_i5-534_i7-45_S8004_L002_R1_001.fastq.gz,2x150
CAL_105502_P003_WF05,pigl22_ 1.2.7,CAL_105502,CGACGTTA,GAACAGGC,GAACAGGC-CGACGTTA,RAPiD-Genomics_F307_CAL_105502_P003_WF05_i5-534_i7-92_S8005_L002_R1_001.fastq.gz,2x150
CAL_105502_P003_WF06,pigl22_ 3.2.7,CAL_105502,CGACGTTA,TAGGATGA,TAGGATGA-CGACGTTA,RAPiD-Genomics_F307_CAL_105502_P003_WF06_i5-534_i7-60_S8006_L002_R1_001.fastq.gz,2x150
CAL_105502_P003_WF07,pigl22_ 1.1.11,CAL_105502,CGACGTTA,CACTTCGA,CACTTCGA-CGACGTTA,RAPiD-Genomics_F307_CAL_105502_P003_WF07_i5-534_i7-33_S8007_L002_R1_001.fastq.gz,2x150
CAL_105502_P003_WF08,pigl22_ 2.3.16,CAL_105502,CGACGTTA,GCTCGGTA,GCTCGGTA-CGACGTTA,RAPiD-Genomics_F307_CAL_105502_P003_WF08_i5-534_i7-53_S8008_L002_R1_001.fastq.gz,2x150
CAL_105502_P003_WF09,pigl22_ 2.2.7,CAL_105502,CGACGTTA,GAATCTGA,GAATCTGA-CGACGTTA,RAPiD-Genomics_F307_CAL_105502_P003_WF09_i5-534_i7-46_S8009_L002_R1_001.fastq.gz,2x150
CAL_105502_P003_WF10,pigl22_ 6.1.7,CAL_105502,CGACGTTA,AGCAGGAA,AGCAGGAA-CGACGTTA,RAPiD-Genomics_F307_CAL_105502_P003_WF10_i5-534_i7-26_S8010_L002_R1_001.fastq.gz,2x150
CAL_105502_P003_WF11,pigl22_ 6.1.15,CAL_105502,CGACGTTA,GCGAGTAA,GCGAGTAA-CGACGTTA,RAPiD-Genomics_F307_CAL_105502_P003_WF11_i5-534_i7-51_S8011_L002_R1_001.fastq.gz,2x150
CAL_105502_P003_WF12,pigl22_ 2.3.12,CAL_105502,CGACGTTA,TGGCTTCA,TGGCTTCA-CGACGTTA,RAPiD-Genomics_F307_CAL_105502_P003_WF12_i5-534_i7-66_S8012_L002_R1_001.fastq.gz,2x150
CAL_105502_P003_WG01,pigl22_ 3.1.15,CAL_105502,CGACGTTA,CACCTTAC,CACCTTAC-CGACGTTA,RAPiD-Genomics_F307_CAL_105502_P003_WG01_i5-534_i7-84_S8013_L002_R1_001.fastq.gz,2x150
CAL_105502_P003_WG02,pigl22_ 6.3.15,CAL_105502,CGACGTTA,AGTACAAG,AGTACAAG-CGACGTTA,RAPiD-Genomics_F307_CAL_105502_P003_WG02_i5-534_i7-12_S8014_L002_R1_001.fastq.gz,2x150
CAL_105502_P003_WG03,pigl22_ 9.1.11,CAL_105502,CGACGTTA,ACGTATCA,ACGTATCA-CGACGTTA,RAPiD-Genomics_F307_CAL_105502_P003_WG03_i5-534_i7-22_S8015_L002_R1_001.fastq.gz,2x150
CAL_105502_P003_WG04,pigl22_ 6.1.3,CAL_105502,CGACGTTA,ACAAGCTA,ACAAGCTA-CGACGTTA,RAPiD-Genomics_F307_CAL_105502_P003_WG04_i5-534_i7-10_S8016_L002_R1_001.fastq.gz,2x150
CAL_105502_P003_WG05,pigl22_ 7.1.3,CAL_105502,CGACGTTA,AACTCACC,AACTCACC-CGACGTTA,RAPiD-Genomics_F307_CAL_105502_P003_WG05_i5-534_i7-69_S8017_L002_R1_001.fastq.gz,2x150
CAL_105502_P003_WG06,pigl22_ 4.1.15,CAL_105502,CGACGTTA,AACCGAGA,AACCGAGA-CGACGTTA,RAPiD-Genomics_F307_CAL_105502_P003_WG06_i5-534_i7-14_S8018_L002_R1_001.fastq.gz,2x150
CAL_105502_P003_WG07,pigl22_ 6.1.11,CAL_105502,CGACGTTA,ACACAGAA,ACACAGAA-CGACGTTA,RAPiD-Genomics_F307_CAL_105502_P003_WG07_i5-534_i7-18_S8019_L002_R1_001.fastq.gz,2x150
CAL_105502_P003_WG08,pigl22_ 2.1.3,CAL_105502,CGACGTTA,TTCACGCA,TTCACGCA-CGACGTTA,RAPiD-Genomics_F307_CAL_105502_P003_WG08_i5-534_i7-68_S8020_L002_R1_001.fastq.gz,2x150
CAL_105502_P003_WG09,pigl22_ 8.2.7,CAL_105502,CGACGTTA,CGACTGGA,CGACTGGA-CGACGTTA,RAPiD-Genomics_F307_CAL_105502_P003_WG09_i5-534_i7-41_S8021_L002_R1_001.fastq.gz,2x150
CAL_105502_P003_WG10,pigl22_ 9.1.15,CAL_105502,CGACGTTA,CCGAAGTA,CCGAAGTA-CGACGTTA,RAPiD-Genomics_F307_CAL_105502_P003_WG10_i5-534_i7-37_S8022_L002_R1_001.fastq.gz,2x150
CAL_105502_P003_WG11,pigl22_ 4.1.11,CAL_105502,CGACGTTA,GCCAAGAC,GCCAAGAC-CGACGTTA,RAPiD-Genomics_F307_CAL_105502_P003_WG11_i5-534_i7-96_S8023_L002_R1_001.fastq.gz,2x150
CAL_105502_P003_WG12,pigl22_ 3.1.3,CAL_105502,CGACGTTA,CGCATACA,CGCATACA-CGACGTTA,RAPiD-Genomics_F307_CAL_105502_P003_WG12_i5-534_i7-42_S8024_L002_R1_001.fastq.gz,2x150
CAL_105502_P003_WH01,pigl22_ 8.2.11,CAL_105502,CGACGTTA,CTGTAGCC,CTGTAGCC-CGACGTTA,RAPiD-Genomics_F307_CAL_105502_P003_WH01_i5-534_i7-11_S8025_L002_R1_001.fastq.gz,2x150
CAL_105502_P003_WH02,pigl22_ 2.2.15,CAL_105502,CGACGTTA,CAATGGAA,CAATGGAA-CGACGTTA,RAPiD-Genomics_F307_CAL_105502_P003_WH02_i5-534_i7-32_S8026_L002_R1_001.fastq.gz,2x150
CAL_105502_P003_WH03,pigl22_ 4.2.11,CAL_105502,CGACGTTA,CCTCTATC,CCTCTATC-CGACGTTA,RAPiD-Genomics_F307_CAL_105502_P003_WH03_i5-534_i7-88_S8027_L002_R1_001.fastq.gz,2x150
CAL_105502_P003_WH04,pigl22_ 1.3.15,CAL_105502,CGACGTTA,AATGTTGC,AATGTTGC-CGACGTTA,RAPiD-Genomics_F307_CAL_105502_P003_WH04_i5-534_i7-73_S8028_L002_R1_001.fastq.gz,2x150
CAL_105502_P003_WH05,pigl22_ 6.3.11,CAL_105502,CGACGTTA,AACGCTTA,AACGCTTA-CGACGTTA,RAPiD-Genomics_F307_CAL_105502_P003_WH05_i5-534_i7-15_S8029_L002_R1_001.fastq.gz,2x150
CAL_105502_P003_WH06,pigl22_ 2.2.11,CAL_105502,CGACGTTA,GATAGACA,GATAGACA-CGACGTTA,RAPiD-Genomics_F307_CAL_105502_P003_WH06_i5-534_i7-49_S8030_L002_R1_001.fastq.gz,2x150
CAL_105502_P003_WH07,pigl22_ 4.2.7,CAL_105502,CGACGTTA,AACGTGAT,AACGTGAT-CGACGTTA,RAPiD-Genomics_F307_CAL_105502_P003_WH07_i5-534_i7-1_S8031_L002_R1_001.fastq.gz,2x150
CAL_105502_P003_WH08,pigl22_ 2.3.8,CAL_105502,CGACGTTA,CCATCCTC,CCATCCTC-CGACGTTA,RAPiD-Genomics_F307_CAL_105502_P003_WH08_i5-534_i7-85_S8032_L002_R1_001.fastq.gz,2x150
CAL_105502_P003_WH09,pigl22_ 6.3.7,CAL_105502,CGACGTTA,CAAGGAGC,CAAGGAGC-CGACGTTA,RAPiD-Genomics_F307_CAL_105502_P003_WH09_i5-534_i7-83_S8033_L002_R1_001.fastq.gz,2x150
CAL_105502_P003_WH10,pigl22_ 4.2.3,CAL_105502,CGACGTTA,CAGCGTTA,CAGCGTTA-CGACGTTA,RAPiD-Genomics_F307_CAL_105502_P003_WH10_i5-534_i7-34_S8034_L002_R1_001.fastq.gz,2x150
CAL_105502_P003_WH11,pigl22_ 2.3.4,CAL_105502,CGACGTTA,GATGAATC,GATGAATC-CGACGTTA,RAPiD-Genomics_F307_CAL_105502_P003_WH11_i5-534_i7-95_S8035_L002_R1_001.fastq.gz,2x150
CAL_105502_P003_WH12,pigl22_ 2.2.3,CAL_105502,CGACGTTA,GTACGCAA,GTACGCAA-CGACGTTA,RAPiD-Genomics_F307_CAL_105502_P003_WH12_i5-534_i7-56_S8036_L002_R1_001.fastq.gz,2x150
CAL_105502_P004_WA01,pigl22_ 7.2.7,CAL_105502,GACGAATG,GTGTTCTA,GTGTTCTA-GACGAATG,RAPiD-Genomics_F307_CAL_105502_P004_WA01_i5-535_i7-59_S8037_L002_R1_001.fastq.gz,2x150
CAL_105502_P004_WA02,pigl22_ 9.2.16,CAL_105502,GACGAATG,AGTCACTA,AGTCACTA-GACGAATG,RAPiD-Genomics_F307_CAL_105502_P004_WA02_i5-535_i7-27_S8038_L002_R1_001.fastq.gz,2x150
CAL_105502_P004_WA03,pigl22_ 6.2.16,CAL_105502,GACGAATG,ATTGGCTC,ATTGGCTC-GACGAATG,RAPiD-Genomics_F307_CAL_105502_P004_WA03_i5-535_i7-82_S8039_L002_R1_001.fastq.gz,2x150
CAL_105502_P004_WA04,pigl22_ 9.1.16,CAL_105502,GACGAATG,CAGATCTG,CAGATCTG-GACGAATG,RAPiD-Genomics_F307_CAL_105502_P004_WA04_i5-535_i7-7_S8040_L002_R1_001.fastq.gz,2x150
CAL_105502_P004_WA05,pigl22_ 9.1.4,CAL_105502,GACGAATG,CCGTGAGA,CCGTGAGA-GACGAATG,RAPiD-Genomics_F307_CAL_105502_P004_WA05_i5-535_i7-38_S8041_L002_R1_001.fastq.gz,2x150
CAL_105502_P004_WA06,pigl22_ 2.1.16,CAL_105502,GACGAATG,ACACGACC,ACACGACC-GACGAATG,RAPiD-Genomics_F307_CAL_105502_P004_WA06_i5-535_i7-74_S8042_L002_R1_001.fastq.gz,2x150
CAL_105502_P004_WA07,pigl22_ 9.3.8,CAL_105502,GACGAATG,AGCACCTC,AGCACCTC-GACGAATG,RAPiD-Genomics_F307_CAL_105502_P004_WA07_i5-535_i7-77_S8043_L002_R1_001.fastq.gz,2x150
CAL_105502_P004_WA08,pigl22_ 6.1.16,CAL_105502,GACGAATG,AAGACGGA,AAGACGGA-GACGAATG,RAPiD-Genomics_F307_CAL_105502_P004_WA08_i5-535_i7-16_S8044_L002_R1_001.fastq.gz,2x150
CAL_105502_P004_WA09,pigl22_ 7.2.18,CAL_105502,GACGAATG,CCAGTTCA,CCAGTTCA-GACGAATG,RAPiD-Genomics_F307_CAL_105502_P004_WA09_i5-535_i7-36_S8045_L002_R1_001.fastq.gz,2x150
CAL_105502_P004_WA10,pigl22_ 9.2.8,CAL_105502,GACGAATG,GGAGAACA,GGAGAACA-GACGAATG,RAPiD-Genomics_F307_CAL_105502_P004_WA10_i5-535_i7-54_S8046_L002_R1_001.fastq.gz,2x150
CAL_105502_P004_WA11,pigl22_ 9.3.12,CAL_105502,GACGAATG,AGATCGCA,AGATCGCA-GACGAATG,RAPiD-Genomics_F307_CAL_105502_P004_WA11_i5-535_i7-25_S8047_L002_R1_001.fastq.gz,2x150
CAL_105502_P004_WA12,pigl22_ 3.2.12,CAL_105502,GACGAATG,ACTATGCA,ACTATGCA-GACGAATG,RAPiD-Genomics_F307_CAL_105502_P004_WA12_i5-535_i7-23_S8048_L002_R1_001.fastq.gz,2x150
CAL_105502_P004_WB01,pigl22_ 2.1.12,CAL_105502,GACGAATG,CAAGACTA,CAAGACTA-GACGAATG,RAPiD-Genomics_F307_CAL_105502_P004_WB01_i5-535_i7-31_S8049_L002_R1_001.fastq.gz,2x150
CAL_105502_P004_WB02,pigl22_ 7.2.8,CAL_105502,GACGAATG,CCTCCTGA,CCTCCTGA-GACGAATG,RAPiD-Genomics_F307_CAL_105502_P004_WB02_i5-535_i7-39_S8050_L002_R1_001.fastq.gz,2x150
CAL_105502_P004_WB03,pigl22_ 1.3.4,CAL_105502,GACGAATG,AAACATCG,AAACATCG-GACGAATG,RAPiD-Genomics_F307_CAL_105502_P004_WB03_i5-535_i7-2_S8051_L002_R1_001.fastq.gz,2x150
CAL_105502_P004_WB04,pigl22_ 8.3.16,CAL_105502,GACGAATG,ACCTCCAA,ACCTCCAA-GACGAATG,RAPiD-Genomics_F307_CAL_105502_P004_WB04_i5-535_i7-20_S8052_L002_R1_001.fastq.gz,2x150
CAL_105502_P004_WB05,pigl22_ 2.3.9,CAL_105502,GACGAATG,CGGATTGC,CGGATTGC-GACGAATG,RAPiD-Genomics_F307_CAL_105502_P004_WB05_i5-535_i7-90_S8069_L002_R1_001.fastq.gz,2x150
CAL_105502_P004_WB06,pigl22_ 9.2.4,CAL_105502,GACGAATG,ACATTGGC,ACATTGGC-GACGAATG,RAPiD-Genomics_F307_CAL_105502_P004_WB06_i5-535_i7-6_S8070_L002_R1_001.fastq.gz,2x150
CAL_105502_P004_WB07,pigl22_ 8.3.4,CAL_105502,GACGAATG,ATTGAGGA,ATTGAGGA-GACGAATG,RAPiD-Genomics_F307_CAL_105502_P004_WB07_i5-535_i7-29_S8071_L002_R1_001.fastq.gz,2x150
CAL_105502_P004_WB08,pigl22_ 4.1.12,CAL_105502,GACGAATG,GTCGTAGA,GTCGTAGA-GACGAATG,RAPiD-Genomics_F307_CAL_105502_P004_WB08_i5-535_i7-57_S8072_L002_R1_001.fastq.gz,2x150
CAL_105502_P004_WB09,pigl22_ 8.3.8,CAL_105502,GACGAATG,TCTTCACA,TCTTCACA-GACGAATG,RAPiD-Genomics_F307_CAL_105502_P004_WB09_i5-535_i7-63_S8073_L002_R1_001.fastq.gz,2x150
CAL_105502_P004_WB10,pigl22_ 3.3.16,CAL_105502,GACGAATG,GGTGCGAA,GGTGCGAA-GACGAATG,RAPiD-Genomics_F307_CAL_105502_P004_WB10_i5-535_i7-55_S8074_L002_R1_001.fastq.gz,2x150
CAL_105502_P004_WB11,pigl22_ 8.2.4,CAL_105502,GACGAATG,ACCACTGT,ACCACTGT-GACGAATG,RAPiD-Genomics_F307_CAL_105502_P004_WB11_i5-535_i7-5_S8075_L002_R1_001.fastq.gz,2x150
CAL_105502_P004_WB12,pigl22_ 8.3.12,CAL_105502,GACGAATG,ACAGATTC,ACAGATTC-GACGAATG,RAPiD-Genomics_F307_CAL_105502_P004_WB12_i5-535_i7-75_S8076_L002_R1_001.fastq.gz,2x150
CAL_105502_P004_WC01,pigl22_ 7.1.16,CAL_105502,GACGAATG,TGGAACAA,TGGAACAA-GACGAATG,RAPiD-Genomics_F307_CAL_105502_P004_WC01_i5-535_i7-65_S8077_L002_R1_001.fastq.gz,2x150
CAL_105502_P004_WC02,pigl22_ 8.1.8,CAL_105502,GACGAATG,TGGTGGTA,TGGTGGTA-GACGAATG,RAPiD-Genomics_F307_CAL_105502_P004_WC02_i5-535_i7-67_S8078_L002_R1_001.fastq.gz,2x150
CAL_105502_P004_WC03,pigl22_ 7.3.4,CAL_105502,GACGAATG,CGAACTTA,CGAACTTA-GACGAATG,RAPiD-Genomics_F307_CAL_105502_P004_WC03_i5-535_i7-40_S8079_L002_R1_001.fastq.gz,2x150
CAL_105502_P004_WC04,pigl22_ 2.1.4,CAL_105502,GACGAATG,ACAGCAGA,ACAGCAGA-GACGAATG,RAPiD-Genomics_F307_CAL_105502_P004_WC04_i5-535_i7-19_S8080_L002_R1_001.fastq.gz,2x150
CAL_105502_P004_WC05,pigl22_ 6.1.8,CAL_105502,GACGAATG,ATCATTCC,ATCATTCC-GACGAATG,RAPiD-Genomics_F307_CAL_105502_P004_WC05_i5-535_i7-81_S8081_L002_R1_001.fastq.gz,2x150
CAL_105502_P004_WC06,pigl22_ 4.2.8,CAL_105502,GACGAATG,ATGCCTAA,ATGCCTAA-GACGAATG,RAPiD-Genomics_F307_CAL_105502_P004_WC06_i5-535_i7-3_S8082_L002_R1_001.fastq.gz,2x150
CAL_105502_P004_WC07,pigl22_ 6.3.4,CAL_105502,GACGAATG,TCCGTCTA,TCCGTCTA-GACGAATG,RAPiD-Genomics_F307_CAL_105502_P004_WC07_i5-535_i7-62_S8083_L002_R1_001.fastq.gz,2x150
CAL_105502_P004_WC08,pigl22_ 3.2.16,CAL_105502,GACGAATG,AAGGTACA,AAGGTACA-GACGAATG,RAPiD-Genomics_F307_CAL_105502_P004_WC08_i5-535_i7-17_S8084_L002_R1_001.fastq.gz,2x150
CAL_105502_P004_WC09,pigl22_ 1.1.12,CAL_105502,GACGAATG,GACAGTGC,GACAGTGC-GACGAATG,RAPiD-Genomics_F307_CAL_105502_P004_WC09_i5-535_i7-93_S8053_L002_R1_001.fastq.gz,2x150
CAL_105502_P004_WC10,pigl22_ 9.1.8,CAL_105502,GACGAATG,GACTAGTA,GACTAGTA-GACGAATG,RAPiD-Genomics_F307_CAL_105502_P004_WC10_i5-535_i7-47_S8054_L002_R1_001.fastq.gz,2x150
CAL_105502_P004_WC11,pigl22_ 1.3.8,CAL_105502,GACGAATG,AAGAGATC,AAGAGATC-GACGAATG,RAPiD-Genomics_F307_CAL_105502_P004_WC11_i5-535_i7-70_S8055_L002_R1_001.fastq.gz,2x150
CAL_105502_P004_WC12,pigl22_ 2.3.5,CAL_105502,GACGAATG,CTCAATGA,CTCAATGA-GACGAATG,RAPiD-Genomics_F307_CAL_105502_P004_WC12_i5-535_i7-43_S8056_L002_R1_001.fastq.gz,2x150
CAL_105502_P004_WD01,pigl22_ 3.3.8,CAL_105502,GACGAATG,GCTAACGA,GCTAACGA-GACGAATG,RAPiD-Genomics_F307_CAL_105502_P004_WD01_i5-535_i7-52_S8057_L002_R1_001.fastq.gz,2x150
CAL_105502_P004_WD02,pigl22_ 1.2.8,CAL_105502,GACGAATG,AATCCGTC,AATCCGTC-GACGAATG,RAPiD-Genomics_F307_CAL_105502_P004_WD02_i5-535_i7-72_S8058_L002_R1_001.fastq.gz,2x150
CAL_105502_P004_WD03,pigl22_ 8.1.4,CAL_105502,GACGAATG,CAACCACA,CAACCACA-GACGAATG,RAPiD-Genomics_F307_CAL_105502_P004_WD03_i5-535_i7-30_S8059_L002_R1_001.fastq.gz,2x150
CAL_105502_P004_WD04,pigl22_ 3.3.12,CAL_105502,GACGAATG,CTAAGGTC,CTAAGGTC-GACGAATG,RAPiD-Genomics_F307_CAL_105502_P004_WD04_i5-535_i7-91_S8060_L002_R1_001.fastq.gz,2x150
CAL_105502_P004_WD05,pigl22_ 7.2.7,CAL_105502,GACGAATG,AAGGACAC,AAGGACAC-GACGAATG,RAPiD-Genomics_F307_CAL_105502_P004_WD05_i5-535_i7-71_S8061_L002_R1_001.fastq.gz,2x150
CAL_105502_P004_WD06,pigl22_ 6.2.4,CAL_105502,GACGAATG,GCCACATA,GCCACATA-GACGAATG,RAPiD-Genomics_F307_CAL_105502_P004_WD06_i5-535_i7-50_S8062_L002_R1_001.fastq.gz,2x150
CAL_105502_P004_WD07,pigl22_ 1.1.4,CAL_105502,GACGAATG,CCGACAAC,CCGACAAC-GACGAATG,RAPiD-Genomics_F307_CAL_105502_P004_WD07_i5-535_i7-86_S8063_L002_R1_001.fastq.gz,2x150
CAL_105502_P004_WD08,pigl22_ 8.2.12,CAL_105502,GACGAATG,ATAGCGAC,ATAGCGAC-GACGAATG,RAPiD-Genomics_F307_CAL_105502_P004_WD08_i5-535_i7-80_S8064_L002_R1_001.fastq.gz,2x150
CAL_105502_P004_WD09,pigl22_ 6.2.12,CAL_105502,GACGAATG,TGAAGAGA,TGAAGAGA-GACGAATG,RAPiD-Genomics_F307_CAL_105502_P004_WD09_i5-535_i7-64_S8065_L002_R1_001.fastq.gz,2x150
CAL_105502_P004_WD10,pigl22_ 7.3.16,CAL_105502,GACGAATG,CATCAAGT,CATCAAGT-GACGAATG,RAPiD-Genomics_F307_CAL_105502_P004_WD10_i5-535_i7-8_S8066_L002_R1_001.fastq.gz,2x150
CAL_105502_P004_WD11,pigl22_ 6.1.12,CAL_105502,GACGAATG,GTCTGTCA,GTCTGTCA-GACGAATG,RAPiD-Genomics_F307_CAL_105502_P004_WD11_i5-535_i7-58_S8067_L002_R1_001.fastq.gz,2x150
CAL_105502_P004_WD12,pigl22_ 6.2.8,CAL_105502,GACGAATG,CGCTGATC,CGCTGATC-GACGAATG,RAPiD-Genomics_F307_CAL_105502_P004_WD12_i5-535_i7-9_S8068_L002_R1_001.fastq.gz,2x150
CAL_105502_P004_WE01,pigl22_ 4.2.4,CAL_105502,GACGAATG,GAGCTGAA,GAGCTGAA-GACGAATG,RAPiD-Genomics_F307_CAL_105502_P004_WE01_i5-535_i7-48_S8085_L002_R1_001.fastq.gz,2x150
CAL_105502_P004_WE02,pigl22_ 2.3.13,CAL_105502,GACGAATG,CGACACAC,CGACACAC-GACGAATG,RAPiD-Genomics_F307_CAL_105502_P004_WE02_i5-535_i7-89_S8086_L002_R1_001.fastq.gz,2x150
CAL_105502_P004_WE03,pigl22_ 9.3.4,CAL_105502,GACGAATG,CCTAATCC,CCTAATCC-GACGAATG,RAPiD-Genomics_F307_CAL_105502_P004_WE03_i5-535_i7-87_S8087_L002_R1_001.fastq.gz,2x150
CAL_105502_P004_WE04,pigl22_ 6.3.8,CAL_105502,GACGAATG,ACGCTCGA,ACGCTCGA-GACGAATG,RAPiD-Genomics_F307_CAL_105502_P004_WE04_i5-535_i7-21_S8088_L002_R1_001.fastq.gz,2x150
CAL_105502_P004_WE05,pigl22_ 1.2.12,CAL_105502,GACGAATG,GAGTTAGC,GAGTTAGC-GACGAATG,RAPiD-Genomics_F307_CAL_105502_P004_WE05_i5-535_i7-94_S8089_L002_R1_001.fastq.gz,2x150
CAL_105502_P004_WE06,pigl22_ 4.1.16,CAL_105502,GACGAATG,CATACCAA,CATACCAA-GACGAATG,RAPiD-Genomics_F307_CAL_105502_P004_WE06_i5-535_i7-35_S8090_L002_R1_001.fastq.gz,2x150
CAL_105502_P004_WE07,pigl22_ 9.2.12,CAL_105502,GACGAATG,CTGAGCCA,CTGAGCCA-GACGAATG,RAPiD-Genomics_F307_CAL_105502_P004_WE07_i5-535_i7-44_S8091_L002_R1_001.fastq.gz,2x150
CAL_105502_P004_WE08,pigl22_ 1.2.4,CAL_105502,GACGAATG,AGTGGTCA,AGTGGTCA-GACGAATG,RAPiD-Genomics_F307_CAL_105502_P004_WE08_i5-535_i7-4_S8092_L002_R1_001.fastq.gz,2x150
CAL_105502_P004_WE09,pigl22_ 2.3.17,CAL_105502,GACGAATG,AGAGTCAA,AGAGTCAA-GACGAATG,RAPiD-Genomics_F307_CAL_105502_P004_WE09_i5-535_i7-24_S8093_L002_R1_001.fastq.gz,2x150
CAL_105502_P004_WE10,pigl22_ 2.1.8,CAL_105502,GACGAATG,TATCAGCA,TATCAGCA-GACGAATG,RAPiD-Genomics_F307_CAL_105502_P004_WE10_i5-535_i7-61_S8094_L002_R1_001.fastq.gz,2x150
CAL_105502_P004_WE11,pigl22_ 9.1.12,CAL_105502,GACGAATG,AACAACCA,AACAACCA-GACGAATG,RAPiD-Genomics_F307_CAL_105502_P004_WE11_i5-535_i7-13_S8095_L002_R1_001.fastq.gz,2x150
CAL_105502_P004_WE12,pigl22_ 7.3.12,CAL_105502,GACGAATG,AGATGTAC,AGATGTAC-GACGAATG,RAPiD-Genomics_F307_CAL_105502_P004_WE12_i5-535_i7-76_S8096_L002_R1_001.fastq.gz,2x150
CAL_105502_P004_WF01,pigl22_ 8.1.12,CAL_105502,GACGAATG,ATCCTGTA,ATCCTGTA-GACGAATG,RAPiD-Genomics_F307_CAL_105502_P004_WF01_i5-535_i7-28_S8097_L002_R1_001.fastq.gz,2x150
CAL_105502_P004_WF02,pigl22_ 9.3.16,CAL_105502,GACGAATG,AGCCATGC,AGCCATGC-GACGAATG,RAPiD-Genomics_F307_CAL_105502_P004_WF02_i5-535_i7-78_S8098_L002_R1_001.fastq.gz,2x150
CAL_105502_P004_WF03,pigl22_ 4.3.4,CAL_105502,GACGAATG,AGGCTAAC,AGGCTAAC-GACGAATG,RAPiD-Genomics_F307_CAL_105502_P004_WF03_i5-535_i7-79_S8099_L002_R1_001.fastq.gz,2x150
CAL_105502_P004_WF04,pigl22_ 2.2.4,CAL_105502,GACGAATG,CTGGCATA,CTGGCATA-GACGAATG,RAPiD-Genomics_F307_CAL_105502_P004_WF04_i5-535_i7-45_S8100_L002_R1_001.fastq.gz,2x150
CAL_105502_P004_WF05,pigl22_ 8.1.16,CAL_105502,GACGAATG,GAACAGGC,GAACAGGC-GACGAATG,RAPiD-Genomics_F307_CAL_105502_P004_WF05_i5-535_i7-92_S8117_L002_R1_001.fastq.gz,2x150
CAL_105502_P004_WF06,pigl22_ 1.3.16,CAL_105502,GACGAATG,TAGGATGA,TAGGATGA-GACGAATG,RAPiD-Genomics_F307_CAL_105502_P004_WF06_i5-535_i7-60_S8118_L002_R1_001.fastq.gz,2x150
CAL_105502_P004_WF07,pigl22_ 4.2.16,CAL_105502,GACGAATG,CACTTCGA,CACTTCGA-GACGAATG,RAPiD-Genomics_F307_CAL_105502_P004_WF07_i5-535_i7-33_S8119_L002_R1_001.fastq.gz,2x150
CAL_105502_P004_WF08,pigl22_ 1.3.12,CAL_105502,GACGAATG,GCTCGGTA,GCTCGGTA-GACGAATG,RAPiD-Genomics_F307_CAL_105502_P004_WF08_i5-535_i7-53_S8120_L002_R1_001.fastq.gz,2x150
CAL_105502_P004_WF09,pigl22_ 7.3.8,CAL_105502,GACGAATG,GAATCTGA,GAATCTGA-GACGAATG,RAPiD-Genomics_F307_CAL_105502_P004_WF09_i5-535_i7-46_S8121_L002_R1_001.fastq.gz,2x150
CAL_105502_P004_WF10,pigl22_ 6.1.4,CAL_105502,GACGAATG,AGCAGGAA,AGCAGGAA-GACGAATG,RAPiD-Genomics_F307_CAL_105502_P004_WF10_i5-535_i7-26_S8122_L002_R1_001.fastq.gz,2x150
CAL_105502_P004_WF11,pigl22_ 2.2.8,CAL_105502,GACGAATG,GCGAGTAA,GCGAGTAA-GACGAATG,RAPiD-Genomics_F307_CAL_105502_P004_WF11_i5-535_i7-51_S8123_L002_R1_001.fastq.gz,2x150
CAL_105502_P004_WF12,pigl22_ 2.2.16,CAL_105502,GACGAATG,TGGCTTCA,TGGCTTCA-GACGAATG,RAPiD-Genomics_F307_CAL_105502_P004_WF12_i5-535_i7-66_S8124_L002_R1_001.fastq.gz,2x150
CAL_105502_P004_WG01,pigl22_ 3.1.8,CAL_105502,GACGAATG,CACCTTAC,CACCTTAC-GACGAATG,RAPiD-Genomics_F307_CAL_105502_P004_WG01_i5-535_i7-84_S8125_L002_R1_001.fastq.gz,2x150
CAL_105502_P004_WG02,pigl22_ 8.2.16,CAL_105502,GACGAATG,AGTACAAG,AGTACAAG-GACGAATG,RAPiD-Genomics_F307_CAL_105502_P004_WG02_i5-535_i7-12_S8126_L002_R1_001.fastq.gz,2x150
CAL_105502_P004_WG03,pigl22_ 1.2.16,CAL_105502,GACGAATG,ACGTATCA,ACGTATCA-GACGAATG,RAPiD-Genomics_F307_CAL_105502_P004_WG03_i5-535_i7-22_S8127_L002_R1_001.fastq.gz,2x150
CAL_105502_P004_WG04,pigl22_ 8.2.8,CAL_105502,GACGAATG,ACAAGCTA,ACAAGCTA-GACGAATG,RAPiD-Genomics_F307_CAL_105502_P004_WG04_i5-535_i7-10_S8128_L002_R1_001.fastq.gz,2x150
CAL_105502_P004_WG05,pigl22_ 3.1.4,CAL_105502,GACGAATG,AACTCACC,AACTCACC-GACGAATG,RAPiD-Genomics_F307_CAL_105502_P004_WG05_i5-535_i7-69_S8129_L002_R1_001.fastq.gz,2x150
CAL_105502_P004_WG06,pigl22_ 6.3.16,CAL_105502,GACGAATG,AACCGAGA,AACCGAGA-GACGAATG,RAPiD-Genomics_F307_CAL_105502_P004_WG06_i5-535_i7-14_S8130_L002_R1_001.fastq.gz,2x150
CAL_105502_P004_WG07,pigl22_ 3.1.12,CAL_105502,GACGAATG,ACACAGAA,ACACAGAA-GACGAATG,RAPiD-Genomics_F307_CAL_105502_P004_WG07_i5-535_i7-18_S8131_L002_R1_001.fastq.gz,2x150
CAL_105502_P004_WG08,pigl22_ 7.1.4,CAL_105502,GACGAATG,TTCACGCA,TTCACGCA-GACGAATG,RAPiD-Genomics_F307_CAL_105502_P004_WG08_i5-535_i7-68_S8132_L002_R1_001.fastq.gz,2x150
CAL_105502_P004_WG09,pigl22_ 4.3.12,CAL_105502,GACGAATG,CGACTGGA,CGACTGGA-GACGAATG,RAPiD-Genomics_F307_CAL_105502_P004_WG09_i5-535_i7-41_S8101_L002_R1_001.fastq.gz,2x150
CAL_105502_P004_WG10,pigl22_ 4.1.4,CAL_105502,GACGAATG,CCGAAGTA,CCGAAGTA-GACGAATG,RAPiD-Genomics_F307_CAL_105502_P004_WG10_i5-535_i7-37_S8102_L002_R1_001.fastq.gz,2x150
CAL_105502_P004_WG11,pigl22_ 4.3.16,CAL_105502,GACGAATG,GCCAAGAC,GCCAAGAC-GACGAATG,RAPiD-Genomics_F307_CAL_105502_P004_WG11_i5-535_i7-96_S8103_L002_R1_001.fastq.gz,2x150
CAL_105502_P004_WG12,pigl22_ 1.1.8,CAL_105502,GACGAATG,CGCATACA,CGCATACA-GACGAATG,RAPiD-Genomics_F307_CAL_105502_P004_WG12_i5-535_i7-42_S8104_L002_R1_001.fastq.gz,2x150
CAL_105502_P004_WH01,pigl22_ 6.3.12,CAL_105502,GACGAATG,CTGTAGCC,CTGTAGCC-GACGAATG,RAPiD-Genomics_F307_CAL_105502_P004_WH01_i5-535_i7-11_S8105_L002_R1_001.fastq.gz,2x150
CAL_105502_P004_WH02,pigl22_ 4.2.12,CAL_105502,GACGAATG,CAATGGAA,CAATGGAA-GACGAATG,RAPiD-Genomics_F307_CAL_105502_P004_WH02_i5-535_i7-32_S8106_L002_R1_001.fastq.gz,2x150
CAL_105502_P004_WH03,pigl22_ 7.1.12,CAL_105502,GACGAATG,CCTCTATC,CCTCTATC-GACGAATG,RAPiD-Genomics_F307_CAL_105502_P004_WH03_i5-535_i7-88_S8107_L002_R1_001.fastq.gz,2x150
CAL_105502_P004_WH04,pigl22_ 3.1.16,CAL_105502,GACGAATG,AATGTTGC,AATGTTGC-GACGAATG,RAPiD-Genomics_F307_CAL_105502_P004_WH04_i5-535_i7-73_S8108_L002_R1_001.fastq.gz,2x150
CAL_105502_P004_WH05,pigl22_ 1.1.16,CAL_105502,GACGAATG,AACGCTTA,AACGCTTA-GACGAATG,RAPiD-Genomics_F307_CAL_105502_P004_WH05_i5-535_i7-15_S8109_L002_R1_001.fastq.gz,2x150
CAL_105502_P004_WH06,pigl22_ 4.3.8,CAL_105502,GACGAATG,GATAGACA,GATAGACA-GACGAATG,RAPiD-Genomics_F307_CAL_105502_P004_WH06_i5-535_i7-49_S8110_L002_R1_001.fastq.gz,2x150
CAL_105502_P004_WH07,pigl22_ 4.1.8,CAL_105502,GACGAATG,AACGTGAT,AACGTGAT-GACGAATG,RAPiD-Genomics_F307_CAL_105502_P004_WH07_i5-535_i7-1_S8111_L002_R1_001.fastq.gz,2x150
CAL_105502_P004_WH08,pigl22_ 3.2.4,CAL_105502,GACGAATG,CCATCCTC,CCATCCTC-GACGAATG,RAPiD-Genomics_F307_CAL_105502_P004_WH08_i5-535_i7-85_S8112_L002_R1_001.fastq.gz,2x150
CAL_105502_P004_WH09,pigl22_ 2.2.12,CAL_105502,GACGAATG,CAAGGAGC,CAAGGAGC-GACGAATG,RAPiD-Genomics_F307_CAL_105502_P004_WH09_i5-535_i7-83_S8113_L002_R1_001.fastq.gz,2x150
CAL_105502_P004_WH10,pigl22_ 3.3.4,CAL_105502,GACGAATG,CAGCGTTA,CAGCGTTA-GACGAATG,RAPiD-Genomics_F307_CAL_105502_P004_WH10_i5-535_i7-34_S8114_L002_R1_001.fastq.gz,2x150
CAL_105502_P004_WH11,pigl22_ 7.1.8,CAL_105502,GACGAATG,GATGAATC,GATGAATC-GACGAATG,RAPiD-Genomics_F307_CAL_105502_P004_WH11_i5-535_i7-95_S8115_L002_R1_001.fastq.gz,2x150
CAL_105502_P004_WH12,pigl22_ 3.2.8,CAL_105502,GACGAATG,GTACGCAA,GTACGCAA-GACGAATG,RAPiD-Genomics_F307_CAL_105502_P004_WH12_i5-535_i7-56_S8116_L002_R1_001.fastq.gz,2x150
